ID_SECCION,NOMBRE,ANIO,CICLO,CURSO_ID_CURSO,DOCENTE_ID_DOCENTE,CUPO,ESTADO
700001,R,2025,2,1,1107,28,CERRADA
700002,K,2021,7,5,1220,32,CERRADA
700003,F,2026,1,6,1680,38,CERRADA
700004,A,2026,4,8,2148,15,CERRADA
700005,A,2022,7,9,2584,15,CERRADA
700006,A,2028,2,11,1646,22,ABIERTA
700007,A+,2023,3,14,2366,24,CERRADA
700008,E,2030,8,17,1881,30,ABIERTA
700009,P,2025,6,18,1075,45,CERRADA
700010,A,2024,6,19,1989,32,CERRADA
700011,P,2031,7,22,2575,32,ABIERTA
700012,N,2031,8,27,2307,26,ABIERTA
700013,A+,2021,3,28,2044,30,CERRADA
700014,B,2025,3,30,2347,25,CERRADA
700015,Q,2027,2,39,2135,34,ABIERTA
700016,N,2030,6,60,1793,26,ABIERTA
700017,A,2022,6,69,2200,31,CERRADA
700018,P,2027,1,73,1469,61,ABIERTA
700019,Z,2031,4,74,2565,30,ABIERTA
700020,_A,2023,8,80,1363,29,CERRADA
700021,N,2021,3,82,1090,21,CERRADA
700022,N,2025,6,84,1043,28,CERRADA
700023,A,2031,7,89,1889,18,ABIERTA
700024,N,2022,6,90,2264,22,CERRADA
700025,N,2021,7,92,1887,32,CERRADA
700026,A,2031,7,101,2421,25,ABIERTA
700027,P,2028,1,103,1537,51,ABIERTA
700028,D,2026,1,107,1848,56,ABIERTA
700029,N,2031,3,112,2469,22,ABIERTA
700030,Q,2022,1,114,2523,54,CERRADA
700031,Q,2025,3,116,2100,24,CERRADA
700032,B,2027,6,118,2589,37,ABIERTA
700033,N,2029,2,120,1691,45,ABIERTA
700034,N,2027,7,122,2206,19,ABIERTA
700035,N,2031,1,123,1931,58,ABIERTA
700036,F2,2031,8,147,2512,28,ABIERTA
700037,Z,2021,3,150,2585,25,CERRADA
700038,D1,2029,3,152,2058,31,ABIERTA
700039,A1,2029,6,154,1214,38,ABIERTA
700040,P,2022,5,156,1696,45,CERRADA
700041,R,2026,5,170,1416,32,ABIERTA
700042,N,2029,4,172,1403,21,ABIERTA
700043,P,2030,4,173,1549,25,ABIERTA
700044,N,2026,3,196,1171,30,CERRADA
700045,N,2027,1,198,2496,61,ABIERTA
700046,_P,2027,4,200,1697,19,ABIERTA
700047,P,2031,1,201,2248,51,ABIERTA
700048,Q,2030,2,202,2424,21,ABIERTA
700049,_F,2028,6,204,1738,30,ABIERTA
700050,_C,2024,8,206,1734,21,CERRADA
700051,N,2027,1,208,1370,54,ABIERTA
700052,N,2025,3,209,2024,26,CERRADA
700053,_C,2025,2,210,1141,36,CERRADA
700054,N,2026,1,211,2239,33,CERRADA
700055,N,2022,8,212,1611,25,CERRADA
700056,N,2031,8,213,1496,29,ABIERTA
700057,N,2030,6,214,2152,42,ABIERTA
700058,N,2029,5,216,1932,33,ABIERTA
700059,P,2022,1,218,1373,61,CERRADA
700060,_N,2023,8,219,2502,30,CERRADA
700061,_N,2023,6,220,2109,27,CERRADA
700062,N,2021,8,221,2224,15,CERRADA
700063,N,2027,4,222,1656,23,ABIERTA
700064,N,2023,7,224,1583,28,CERRADA
700065,_D,2030,1,230,1088,40,ABIERTA
700066,_C,2021,5,232,1405,63,CERRADA
700067,P,2025,8,233,1397,22,CERRADA
700068,_B,2029,2,234,1578,34,ABIERTA
700069,_A,2029,5,235,2255,63,ABIERTA
700070,_C,2031,7,236,1138,29,ABIERTA
700071,P,2021,7,238,1227,35,CERRADA
700072,N,2029,6,239,1892,35,ABIERTA
700073,_B,2024,4,240,1275,16,CERRADA
700074,N,2024,2,241,1500,20,CERRADA
700075,N,2027,6,242,1022,20,ABIERTA
700076,N,2024,7,243,1085,24,CERRADA
700077,P,2025,2,244,1380,41,CERRADA
700078,_A,2026,4,245,2316,26,ABIERTA
700079,_B,2024,7,246,1954,31,CERRADA
700080,N,2027,7,248,2356,21,ABIERTA
700081,_A,2022,8,249,1798,24,CERRADA
700082,05,2028,2,250,1285,23,ABIERTA
700083,_4,2026,1,252,1942,63,CERRADA
700084,P,2026,4,254,1591,16,ABIERTA
700085,_B,2022,6,258,2041,44,CERRADA
700086,N,2024,7,262,2369,28,CERRADA
700087,P,2028,3,280,1258,20,ABIERTA
700088,P,2026,1,281,1176,39,ABIERTA
700089,P,2027,4,282,1937,16,ABIERTA
700090,B,2023,2,283,1115,42,CERRADA
700091,N,2023,1,284,1184,58,CERRADA
700092,A,2024,4,285,1422,25,CERRADA
700093,N,2023,2,286,2375,29,CERRADA
700094,M,2031,7,288,1670,22,ABIERTA
700095,A,2021,2,289,1124,27,CERRADA
700096,B,2024,3,300,1589,15,CERRADA
700097,A,2031,5,302,2238,65,ABIERTA
700098,P,2026,3,307,1753,16,CERRADA
700099,_P,2026,1,311,1716,62,ABIERTA
700100,_P,2025,2,314,2324,43,CERRADA
700101,P,2030,6,316,1376,23,ABIERTA
700102,A,2030,4,318,2502,17,ABIERTA
700103,N,2024,6,320,1392,44,CERRADA
700104,P,2025,3,322,1984,15,CERRADA
700105,_N,2021,3,324,1533,26,CERRADA
700106,P,2022,3,332,1376,23,CERRADA
700107,N,2022,6,335,1248,28,CERRADA
700108,N,2023,5,346,1739,35,CERRADA
700109,P5,2025,2,348,2271,37,CERRADA
700110,P1,2026,5,349,1247,49,CERRADA
700111,A,2021,2,352,1481,39,CERRADA
700112,N,2028,7,354,1206,26,ABIERTA
700113,N,2023,3,356,2380,15,CERRADA
700114,_A,2024,4,358,1850,28,CERRADA
700115,A,2022,3,361,1265,28,CERRADA
700116,A+,2027,5,362,1344,31,ABIERTA
700117,_N,2030,7,366,1249,33,ABIERTA
700118,N,2031,4,368,1109,24,ABIERTA
700119,N,2029,6,370,2223,41,ABIERTA
700120,A,2025,5,371,1297,57,CERRADA
700121,N,2028,1,380,1434,34,ABIERTA
700122,A,2023,1,382,1315,34,CERRADA
700123,B,2030,4,386,1919,28,ABIERTA
700124,A,2029,6,388,2456,26,ABIERTA
700125,Q-,2028,1,390,1183,49,ABIERTA
700126,N-,2021,4,392,2436,16,CERRADA
700127,A,2031,2,394,1319,33,ABIERTA
700128,N,2028,7,396,2497,20,ABIERTA
700129,N,2031,7,398,2316,18,ABIERTA
700130,N,2021,4,409,1178,19,CERRADA
700131,B,2031,5,410,2445,62,ABIERTA
700132,N,2025,5,412,1861,41,CERRADA
700133,N,2029,2,414,2092,38,ABIERTA
700134,N,2023,2,416,2236,40,CERRADA
700135,N,2031,8,418,1504,26,ABIERTA
700136,N,2028,6,421,1606,37,ABIERTA
700137,N,2030,6,423,2563,25,ABIERTA
700138,N,2026,1,428,1081,36,CERRADA
700139,A,2027,3,430,1762,34,ABIERTA
700140,N,2024,7,432,1149,31,CERRADA
700141,N,2022,8,433,2391,30,CERRADA
700142,P,2026,7,434,1686,25,CERRADA
700143,N,2024,2,436,1361,42,CERRADA
700144,N,2023,6,437,2056,24,CERRADA
700145,N,2031,3,440,1301,20,ABIERTA
700146,N,2029,4,442,2579,30,ABIERTA
700147,N,2031,1,450,2024,39,ABIERTA
700148,N-,2026,8,452,1566,17,CERRADA
700149,4,2028,7,453,2528,16,ABIERTA
700150,P,2027,7,454,2306,17,ABIERTA
700151,3,2028,8,455,1670,18,ABIERTA
700152,_3,2026,6,458,1077,44,ABIERTA
700153,P,2029,8,460,2434,22,ABIERTA
700154,_I,2023,3,462,1066,21,CERRADA
700155,N,2028,7,472,2386,26,ABIERTA
700156,N,2023,5,476,2329,64,CERRADA
700157,N,2031,2,482,1636,26,ABIERTA
700158,N,2022,3,486,1096,34,CERRADA
700159,_E,2029,7,502,1995,30,ABIERTA
700160,_F,2024,3,504,1131,22,CERRADA
700161,P,2027,8,506,1673,27,ABIERTA
700162,N+,2026,7,508,1150,21,CERRADA
700163,_B,2022,6,510,1183,26,CERRADA
700164,N,2022,7,511,1168,28,CERRADA
700165,N+,2021,7,512,1916,18,CERRADA
700166,N,2029,7,513,1612,25,ABIERTA
700167,_K,2026,2,520,1753,39,ABIERTA
700168,_K,2021,8,522,1247,25,CERRADA
700169,N,2024,5,524,1067,48,CERRADA
700170,P,2026,8,526,1310,22,ABIERTA
700171,N,2028,3,528,2260,25,ABIERTA
700172,N-,2028,4,530,1493,20,ABIERTA
700173,_C,2028,8,532,1403,30,ABIERTA
700174,P,2028,8,550,2282,23,ABIERTA
700175,N,2025,2,560,1893,34,CERRADA
700176,N,2030,6,585,1201,38,ABIERTA
700177,C,2030,3,601,2154,16,ABIERTA
700178,P,2027,8,603,1329,23,ABIERTA
700179,N,2024,5,606,2243,63,CERRADA
700180,A,2027,2,608,1486,37,ABIERTA
700181,N,2026,8,610,1129,19,ABIERTA
700182,N,2030,3,612,1705,24,ABIERTA
700183,N,2023,3,614,1851,23,CERRADA
700184,N,2024,4,620,2263,21,CERRADA
700185,N,2030,1,630,2204,42,ABIERTA
700186,N,2028,1,632,2251,40,ABIERTA
700187,N,2026,3,634,2580,16,ABIERTA
700188,A,2021,6,636,1498,22,CERRADA
700189,A,2028,7,637,1357,18,ABIERTA
700190,Q,2029,1,638,2139,45,ABIERTA
700191,A,2022,7,639,2340,22,CERRADA
700192,B,2025,3,640,2376,19,CERRADA
700193,N+,2026,7,642,2191,34,CERRADA
700194,A-,2027,7,643,1636,34,ABIERTA
700195,N,2030,3,644,1327,22,ABIERTA
700196,B,2031,8,650,1613,21,ABIERTA
700197,A,2029,3,652,1325,30,ABIERTA
700198,N,2022,2,653,2525,40,CERRADA
700199,O,2021,8,654,1362,22,CERRADA
700200,O,2031,4,655,2131,17,ABIERTA
700201,P,2025,5,656,1549,45,CERRADA
700202,N,2030,4,657,1310,15,ABIERTA
700203,P,2022,7,658,2352,30,CERRADA
700204,N,2023,8,659,1145,17,CERRADA
700205,B,2029,5,660,1893,58,ABIERTA
700206,C,2021,3,662,2304,25,CERRADA
700207,A,2028,8,663,1260,18,ABIERTA
700208,P,2028,8,664,2426,26,ABIERTA
700209,P,2024,6,665,1254,28,CERRADA
700210,N,2029,2,666,2175,20,ABIERTA
700211,N,2026,6,667,2318,34,CERRADA
700212,N,2023,4,669,1308,25,CERRADA
700213,M,2028,3,672,1423,28,ABIERTA
700214,O,2027,3,674,1761,33,ABIERTA
700215,N-,2027,7,676,1750,35,ABIERTA
700216,A,2024,8,687,1011,22,CERRADA
700217,P,2030,6,700,1316,45,ABIERTA
700218,P,2030,6,704,2460,40,ABIERTA
700219,A,2026,8,706,1954,22,ABIERTA
700220,M,2023,5,708,1531,61,CERRADA
700221,N,2031,3,710,1373,31,ABIERTA
700222,N,2023,5,712,1256,65,CERRADA
700223,B,2021,7,720,1971,23,CERRADA
700224,A,2031,6,722,2421,22,ABIERTA
700225,A,2028,5,724,1475,53,ABIERTA
700226,A,2027,5,729,1343,64,ABIERTA
700227,A,2028,1,732,2522,45,ABIERTA
700228,B,2028,7,734,1303,18,ABIERTA
700229,N,2028,1,736,2060,38,ABIERTA
700230,C,2024,1,768,1395,34,CERRADA
700231,P,2029,8,769,1148,30,ABIERTA
700232,C,2031,4,770,1596,27,ABIERTA
700233,N,2031,4,771,2285,21,ABIERTA
700234,C,2021,4,772,1394,24,CERRADA
700235,B,2028,5,773,1572,64,ABIERTA
700236,B,2026,3,774,1800,19,ABIERTA
700237,N,2031,4,775,1762,18,ABIERTA
700238,N,2028,1,777,2263,31,ABIERTA
700239,B,2030,1,778,1757,51,ABIERTA
700240,A,2022,3,779,2342,24,CERRADA
700241,B,2027,4,780,2314,24,ABIERTA
700242,A,2030,6,781,1415,35,ABIERTA
700243,B,2031,5,785,2195,53,ABIERTA
700244,A,2030,6,786,2043,34,ABIERTA
700245,N,2029,2,787,2017,24,ABIERTA
700246,C,2027,1,795,2310,53,ABIERTA
700247,B+,2031,8,796,1805,21,ABIERTA
700248,A,2021,4,797,1672,20,CERRADA
700249,N,2023,5,798,2258,57,CERRADA
700250,C,2030,7,799,1280,21,ABIERTA
700251,N,2022,4,960,1011,20,CERRADA
700252,C,2021,8,962,1505,25,CERRADA
700253,B,2031,7,964,1417,32,ABIERTA
700254,B,2029,5,968,1132,41,ABIERTA
700255,N,2027,3,969,2179,22,ABIERTA
700256,A,2029,1,970,1732,57,ABIERTA
700257,A,2026,8,972,2309,15,CERRADA
700258,N,2030,1,975,1037,34,ABIERTA
700259,P,2022,3,980,1335,35,CERRADA
700260,N,2025,4,991,1389,22,CERRADA
700261,A,2021,1,1023,1905,62,CERRADA
700262,N,2028,6,1025,1445,42,ABIERTA
700263,N,2028,8,1034,1337,18,ABIERTA
700264,N,2022,8,1056,1865,26,CERRADA
700265,N,2022,3,1059,2353,33,CERRADA
700266,N,2024,3,1060,2092,22,CERRADA
700267,N,2023,2,1065,1502,44,CERRADA
700268,N,2025,2,1071,2278,27,CERRADA
700269,N,2031,5,1074,1008,53,ABIERTA
700270,N,2024,5,1076,1236,34,CERRADA
700271,N,2025,2,1077,2438,27,CERRADA
700272,,2026,8,1084,1753,28,CERRADA
700273,N,2022,1,1091,1079,36,CERRADA
700274,A,2027,4,1093,1969,21,ABIERTA
700275,N,2023,3,1094,1710,34,CERRADA
700276,N,2031,5,1100,2186,34,ABIERTA
700277,N,2021,2,1101,1915,36,CERRADA
700278,R,2025,7,2001,1158,29,CERRADA
700279,K,2022,3,2002,1693,19,CERRADA
700280,F,2029,5,2003,2272,61,ABIERTA
700281,A,2031,5,2004,2295,42,ABIERTA
700282,H,2024,8,2005,2593,17,CERRADA
700283,A,2028,4,2006,1191,27,ABIERTA
700284,H,2027,5,2007,1480,64,ABIERTA
700285,C,2029,5,2009,2552,63,ABIERTA
700286,B,2028,3,2013,1220,30,ABIERTA
700287,B-,2023,8,2025,1877,23,CERRADA
700288,Q,2024,2,2035,1286,39,CERRADA
700289,B,2025,6,2036,2196,30,CERRADA
700290,A,2027,5,3022,2406,45,ABIERTA
700291,C,2021,7,3116,2161,28,CERRADA
700292,C,2031,1,3118,2581,44,ABIERTA
700293,N,2028,4,3120,1602,17,ABIERTA
700294,N,2024,3,3123,1429,19,CERRADA
700295,N,2023,5,3606,1642,55,CERRADA
700296,Q,2024,7,3656,1730,20,CERRADA
700297,N,2025,1,3657,1015,58,CERRADA
700298,P,2023,5,3658,1892,49,CERRADA
700299,N+,2021,4,3662,2576,22,CERRADA
700300,N-,2021,6,3664,1000,24,CERRADA
700301,N,2031,2,3669,1866,44,ABIERTA
700302,N,2023,1,3710,1941,37,CERRADA
700303,N,2023,1,5003,1297,35,CERRADA
700304,N,2028,8,5007,1496,20,ABIERTA
700305,N,2027,8,5008,2420,15,ABIERTA
700306,N,2030,5,5010,2419,54,ABIERTA
700307,N,2031,6,5011,2229,37,ABIERTA
700308,N,2023,4,5012,1372,20,CERRADA
700309,N,2021,7,5014,2023,25,CERRADA
700310,N,2028,8,5015,2249,19,ABIERTA
700311,N3,2024,8,7902,1229,25,CERRADA
700312,R,2024,6,7904,1154,26,CERRADA
700313,N+,2028,7,7905,1608,34,ABIERTA
700314,N,2028,8,7913,2542,21,ABIERTA
700315,N,2022,7,7935,1781,18,CERRADA
700316,N,2024,4,7980,2338,22,CERRADA
700317,Q,2031,4,7981,2075,23,ABIERTA
700318,T,2025,3,7982,1844,15,CERRADA
700319,M,2029,5,7983,1638,35,ABIERTA
700320,N,2026,7,7984,1029,35,CERRADA
700321,S-,2025,8,7985,2164,27,CERRADA
700322,W,2023,2,7986,1312,41,CERRADA
700323,U,2026,4,7987,1178,15,CERRADA
700324,X,2030,2,7988,1355,29,ABIERTA
700325,V,2026,5,7989,2357,49,ABIERTA
700326,P,2028,1,7991,2066,48,ABIERTA
700327,N,2027,1,7993,1581,64,ABIERTA
700328,P,2026,2,7994,1122,22,ABIERTA
700329,Q,2029,8,7995,1088,19,ABIERTA
700330,R,2025,6,7999,1581,28,CERRADA
700331,B1,2023,4,9000,2278,29,CERRADA
700332,A,2024,1,667,1000,47,CERRADA
700333,M,2030,8,672,1001,25,ABIERTA
700334,N,2029,1,442,1002,60,ABIERTA
700335,N,2031,6,235,1003,31,ABIERTA
700336,Q,2026,6,638,1004,43,ABIERTA
700337,N,2031,3,219,1005,23,ABIERTA
700338,P,2029,6,307,1006,35,ABIERTA
700339,N,2029,4,450,1007,30,ABIERTA
700340,N,2026,7,7935,1008,30,CERRADA
700341,P,2030,2,112,1009,37,ABIERTA
700342,N,2029,5,239,1010,34,ABIERTA
700343,N,2025,2,433,1011,25,CERRADA
700344,C,2026,3,964,1012,35,CERRADA
700345,H2,2031,4,147,1013,17,ABIERTA
700346,A,2022,7,722,1014,29,CERRADA
700347,A,2029,4,283,1015,21,ABIERTA
700348,N,2023,3,1071,1016,35,CERRADA
700349,EI,2029,3,6,1017,22,ABIERTA
700350,_B,2021,4,550,1018,27,CERRADA
700351,A,2023,6,601,1019,24,CERRADA
700352,N,2024,2,708,1020,39,CERRADA
700353,N,2031,2,122,1021,37,ABIERTA
700354,N,2022,6,7935,1022,41,CERRADA
700355,P,2029,7,724,1023,16,ABIERTA
700356,E,2024,2,103,1024,20,CERRADA
700357,A,2024,4,655,1025,24,CERRADA
700358,N,2021,7,5012,1026,32,CERRADA
700359,B,2028,5,774,1027,38,ABIERTA
700360,A,2028,4,687,1028,28,ABIERTA
700361,A,2029,4,608,1029,25,ABIERTA
700362,A,2023,6,610,1030,40,CERRADA
700363,N,2027,2,118,1031,36,ABIERTA
700364,N,2029,6,432,1032,43,ABIERTA
700365,C,2030,2,962,1033,20,ABIERTA
700366,A,2027,7,289,1034,29,ABIERTA
700367,N,2025,5,1071,1035,62,CERRADA
700368,B,2024,8,797,1036,27,CERRADA
700369,N,2025,6,172,1037,26,CERRADA
700370,P,2024,6,154,1038,42,CERRADA
700371,A,2021,8,706,1039,29,CERRADA
700372,N,2021,1,528,1040,32,CERRADA
700373,N,2022,7,486,1041,25,CERRADA
700374,A,2025,3,289,1042,19,CERRADA
700375,C,2022,6,3116,1043,36,CERRADA
700376,P,2030,7,311,1044,24,ABIERTA
700377,H1,2029,2,348,1045,28,ABIERTA
700378,N,2027,5,239,1046,36,ABIERTA
700379,N,2024,8,222,1047,22,CERRADA
700380,_I,2027,2,232,1048,33,ABIERTA
700381,_N,2025,1,220,1049,65,CERRADA
700382,N,2023,6,314,1050,43,CERRADA
700383,B,2026,6,640,1051,39,CERRADA
700384,N,2029,2,423,1052,45,ABIERTA
700385,C,2025,1,700,1053,46,CERRADA
700386,A,2023,6,687,1054,32,CERRADA
700387,P,2023,3,234,1055,25,CERRADA
700388,_E,2024,7,502,1056,31,CERRADA
700389,B,2029,6,410,1057,31,ABIERTA
700390,,2024,1,1084,1058,31,CERRADA
700391,A,2028,1,283,1059,31,ABIERTA
700392,A,2023,4,123,1060,29,CERRADA
700393,P,2022,4,252,1061,16,CERRADA
700394,C,2030,3,17,1062,18,ABIERTA
700395,N,2031,4,657,1063,30,ABIERTA
700396,A,2031,6,289,1064,42,ABIERTA
700397,S,2031,7,202,1065,28,ABIERTA
700398,A,2026,1,636,1066,31,CERRADA
700399,D,2029,8,2036,1067,16,ABIERTA
700400,P,2030,6,787,1068,43,ABIERTA
700401,A,2026,6,19,1069,34,CERRADA
700402,A,2026,3,2006,1070,28,ABIERTA
700403,B,2028,1,283,1071,59,ABIERTA
700404,V,2029,3,7989,1072,35,ABIERTA
700405,N,2030,6,657,1073,37,ABIERTA
700406,P,2026,6,632,1074,36,CERRADA
700407,G,2026,5,2003,1075,42,ABIERTA
700408,N,2030,1,5008,1076,50,ABIERTA
700409,N,2030,8,206,1077,23,ABIERTA
700410,P,2025,3,172,1078,26,CERRADA
700411,EI,2028,5,6,1079,65,ABIERTA
700412,N,2023,7,612,1080,16,CERRADA
700413,Q,2027,2,7905,1081,25,ABIERTA
700414,_B,2030,4,235,1082,30,ABIERTA
700415,P,2026,1,173,1083,60,CERRADA
700416,E,2031,2,960,1084,34,ABIERTA
700417,N,2024,6,5011,1085,30,CERRADA
700418,K2,2031,5,147,1086,56,ABIERTA
700419,N,2025,3,368,1087,26,CERRADA
700420,N,2025,5,975,1088,44,CERRADA
700421,_D,2022,3,510,1089,18,CERRADA
700422,N-,2023,1,462,1090,55,CERRADA
700423,N+,2028,2,170,1091,35,ABIERTA
700424,N+,2022,2,642,1092,38,CERRADA
700425,_B,2026,7,454,1093,32,ABIERTA
700426,P,2028,8,650,1094,22,ABIERTA
700427,P,2026,7,706,1095,17,CERRADA
700428,B+,2025,4,796,1096,29,CERRADA
700429,Q,2025,1,7995,1097,63,CERRADA
700430,N2,2029,5,7902,1098,37,ABIERTA
700431,N,2027,2,528,1099,21,ABIERTA
700432,G,2021,2,103,1100,27,CERRADA
700433,N,2029,2,322,1101,39,ABIERTA
700434,P,2021,4,980,1102,17,CERRADA
700435,B,2026,2,774,1103,31,CERRADA
700436,N,2022,2,282,1104,43,CERRADA
700437,N,2026,3,73,1105,23,ABIERTA
700438,_P,2026,2,311,1106,35,ABIERTA
700439,N,2024,6,213,1107,34,CERRADA
700440,N,2027,4,7913,1108,24,ABIERTA
700441,P,2024,4,218,1109,17,CERRADA
700442,N,2031,1,239,1110,54,ABIERTA
700443,P,2023,7,704,1111,26,CERRADA
700444,P+,2030,6,662,1112,26,ABIERTA
700445,B,2023,8,964,1113,27,CERRADA
700446,P,2026,1,506,1114,53,CERRADA
700447,N,2027,3,414,1115,18,ABIERTA
700448,N+,2021,3,654,1116,20,CERRADA
700449,P,2026,4,787,1117,25,CERRADA
700450,N,2025,4,969,1118,25,CERRADA
700451,B,2030,2,785,1119,39,ABIERTA
700452,N,2031,4,221,1120,16,ABIERTA
700453,N,2023,4,3657,1121,28,CERRADA
700454,P,2028,1,154,1122,64,ABIERTA
700455,N,2028,6,1100,1123,41,ABIERTA
700456,N,2029,1,412,1124,52,ABIERTA
700457,N+,2026,1,392,1125,46,CERRADA
700458,A,2024,8,640,1126,23,CERRADA
700459,N,2023,3,7935,1127,18,CERRADA
700460,_P,2027,8,214,1128,20,ABIERTA
700461,Y1,2024,4,9000,1129,15,CERRADA
700462,N,2031,1,3657,1130,57,ABIERTA
700463,B,2026,1,771,1131,58,ABIERTA
700464,P,2023,6,460,1132,42,CERRADA
700465,A,2027,3,392,1133,23,ABIERTA
700466,P,2022,1,7991,1134,63,CERRADA
700467,N,2021,8,123,1135,15,CERRADA
700468,N,2030,2,120,1136,41,ABIERTA
700469,N,2023,7,659,1137,34,CERRADA
700470,10,2029,6,300,1138,30,ABIERTA
700471,N,2025,1,1100,1139,53,CERRADA
700472,A-,2027,4,14,1140,19,ABIERTA
700473,N,2027,6,120,1141,38,ABIERTA
700474,P,2024,7,238,1142,32,CERRADA
700475,N,2030,6,73,1143,33,ABIERTA
700476,_N,2031,8,220,1144,22,ABIERTA
700477,A,2031,4,655,1145,23,ABIERTA
700478,Q,2025,3,734,1146,23,CERRADA
700479,_F,2031,5,520,1147,46,ABIERTA
700480,N,2021,8,370,1148,21,CERRADA
700481,B,2022,1,785,1149,63,CERRADA
700482,N,2027,4,528,1150,16,ABIERTA
700483,N,2023,4,7993,1151,20,CERRADA
700484,A,2029,3,27,1152,22,ABIERTA
700485,P,2030,6,233,1153,27,ABIERTA
700486,T,2022,5,7982,1154,32,CERRADA
700487,N,2028,2,352,1155,29,ABIERTA
700488,E,2023,5,39,1156,44,CERRADA
700489,A,2027,8,768,1157,18,ABIERTA
700490,N,2028,6,60,1158,23,ABIERTA
700491,B,2025,1,89,1159,41,CERRADA
700492,A,2024,3,371,1160,31,CERRADA
700493,P,2027,5,244,1161,34,ABIERTA
700494,N,2030,6,221,1162,23,ABIERTA
700495,P1,2025,6,349,1163,45,CERRADA
700496,N,2023,2,262,1164,34,CERRADA
700497,P,2027,1,332,1165,58,ABIERTA
700498,P,2023,7,233,1166,17,CERRADA
700499,B,2021,8,777,1167,22,CERRADA
700500,N,2027,1,224,1168,34,ABIERTA
700501,A,2029,3,386,1169,33,ABIERTA
700502,A,2023,7,785,1170,19,CERRADA
700503,A,2026,4,361,1171,24,ABIERTA
700504,A,2023,2,19,1172,26,CERRADA
700505,_A,2022,2,245,1173,34,CERRADA
700506,S-,2023,2,7985,1174,26,CERRADA
700507,N,2028,4,7980,1175,16,ABIERTA
700508,Q,2021,2,92,1176,31,CERRADA
700509,_B,2023,3,969,1177,27,CERRADA
700510,E,2029,6,107,1178,37,ABIERTA
700511,_C,2028,7,246,1179,26,ABIERTA
700512,N,2021,2,5008,1180,32,CERRADA
700513,P,2025,3,460,1181,25,CERRADA
700514,G,2024,5,114,1182,49,CERRADA
700515,_A,2031,8,520,1183,16,ABIERTA
700516,2,2030,1,80,1184,54,ABIERTA
700517,N,2026,2,1074,1185,36,ABIERTA
700518,_A,2026,6,242,1186,29,ABIERTA
700519,B,2024,5,780,1187,30,CERRADA
700520,B,2028,8,773,1188,17,ABIERTA
700521,N+,2027,2,240,1189,38,ABIERTA
700522,_D,2031,5,248,1190,35,ABIERTA
700523,N,2031,7,1077,1191,28,ABIERTA
700524,N,2030,5,222,1192,41,ABIERTA
700525,_A,2028,7,245,1193,16,ABIERTA
700526,N,2027,7,482,1194,27,ABIERTA
700527,N,2026,8,5011,1195,27,ABIERTA
700528,N,2024,4,1059,1196,16,CERRADA
700529,A,2026,4,118,1197,27,CERRADA
700530,N,2027,6,620,1198,32,ABIERTA
700531,N,2029,5,1074,1199,45,ABIERTA
700532,_B,2030,3,244,1200,33,ABIERTA
700533,A,2029,1,768,1201,39,ABIERTA
700534,N,2029,7,476,1202,17,ABIERTA
700535,H,2024,6,17,1203,23,CERRADA
700536,O,2030,7,2001,1204,23,ABIERTA
700537,N,2031,2,1034,1205,40,ABIERTA
700538,C,2024,8,634,1206,26,CERRADA
700539,N,2025,2,60,1207,24,CERRADA
700540,_B,2027,6,202,1208,24,ABIERTA
700541,A,2025,8,736,1209,24,CERRADA
700542,B,2025,8,774,1210,15,CERRADA
700543,N,2031,3,1059,1211,15,ABIERTA
700544,N,2026,2,356,1212,32,ABIERTA
700545,A,2027,2,352,1213,34,ABIERTA
700546,N+,2022,7,512,1214,29,CERRADA
700547,Q,2024,3,7995,1215,19,CERRADA
700548,N1,2022,7,7902,1216,32,CERRADA
700549,A,2022,5,371,1217,37,CERRADA
700550,N,2031,5,230,1218,43,ABIERTA
700551,_G,2025,5,358,1219,48,CERRADA
700552,P,2031,3,6,1220,32,ABIERTA
700553,P,2024,4,632,1221,28,CERRADA
700554,_N,2028,5,80,1222,34,ABIERTA
700555,D,2030,6,22,1223,32,ABIERTA
700556,P,2022,2,22,1224,29,CERRADA
700557,N,2022,3,712,1225,20,CERRADA
700558,T,2021,1,7982,1226,61,CERRADA
700559,N,2025,5,221,1227,59,CERRADA
700560,C,2028,8,19,1228,27,ABIERTA
700561,N,2021,7,644,1229,17,CERRADA
700562,P,2025,3,704,1230,25,CERRADA
700563,N,2026,6,382,1231,45,ABIERTA
700564,N,2026,3,657,1232,17,ABIERTA
700565,N,2024,1,669,1233,55,CERRADA
700566,Q,2027,3,28,1234,16,ABIERTA
700567,A,2022,4,780,1235,18,CERRADA
700568,A,2021,4,643,1236,23,CERRADA
700569,M+,2031,5,662,1237,59,ABIERTA
700570,G,2031,4,2003,1238,28,ABIERTA
700571,P,2027,8,666,1239,15,ABIERTA
700572,P-,2027,3,250,1240,15,ABIERTA
700573,N,2028,2,428,1241,28,ABIERTA
700574,A,2030,1,428,1242,43,ABIERTA
700575,N,2031,4,220,1243,18,ABIERTA
700576,N,2026,4,513,1244,30,CERRADA
700577,_G,2028,4,202,1245,18,ABIERTA
700578,B,2023,4,960,1246,16,CERRADA
700579,N,2031,4,394,1247,28,ABIERTA
700580,N,2030,8,5008,1248,21,ABIERTA
700581,N,2030,7,5011,1249,30,ABIERTA
700582,R,2026,8,116,1250,20,CERRADA
700583,A,2026,3,778,1251,33,ABIERTA
700584,B-,2025,8,796,1252,24,CERRADA
700585,B,2028,1,774,1253,44,ABIERTA
700586,K,2022,4,2002,1254,20,CERRADA
700587,N,2027,5,630,1255,64,ABIERTA
700588,Q,2026,5,1,1256,39,ABIERTA
700589,N-,2027,5,530,1257,47,ABIERTA
700590,N,2022,3,969,1258,19,CERRADA
700591,P,2022,6,238,1259,28,CERRADA
700592,N,2023,3,585,1260,27,CERRADA
700593,N,2026,2,666,1261,44,ABIERTA
700594,N,2024,6,5014,1262,24,CERRADA
700595,N,2022,2,335,1263,25,CERRADA
700596,A,2022,8,652,1264,29,CERRADA
700597,N,2030,7,198,1265,16,ABIERTA
700598,N,2028,1,5010,1266,42,ABIERTA
700599,N,2025,5,458,1267,65,CERRADA
700600,N,2028,5,320,1268,40,ABIERTA
700601,N,2024,8,775,1269,19,CERRADA
700602,N-,2027,5,512,1270,41,ABIERTA
700603,N,2025,7,1101,1271,29,CERRADA
700604,_D,2022,5,454,1272,34,CERRADA
700605,N,2025,1,286,1273,56,CERRADA
700606,A,2031,6,380,1274,24,ABIERTA
700607,N,2024,3,1074,1275,18,CERRADA
700608,A+,2030,4,643,1276,20,ABIERTA
700609,_N,2021,7,219,1277,34,CERRADA
700610,P,2026,2,282,1278,34,ABIERTA
700611,N,2031,2,659,1279,29,ABIERTA
700612,N,2028,5,5012,1280,61,ABIERTA
700613,A,2028,6,314,1281,37,ABIERTA
700614,5,2029,2,82,1282,20,ABIERTA
700615,B,2030,3,18,1283,24,ABIERTA
700616,N,2030,6,3123,1284,21,ABIERTA
700617,T,2031,5,2036,1285,61,ABIERTA
700618,P,2021,8,704,1286,21,CERRADA
700619,N,2028,2,3710,1287,34,ABIERTA
700620,B,2026,1,962,1288,34,ABIERTA
700621,C,2021,1,962,1289,50,CERRADA
700622,A,2028,5,639,1290,46,ABIERTA
700623,R,2027,8,348,1291,17,ABIERTA
700624,P,2023,6,311,1292,43,CERRADA
700625,F2,2030,7,150,1293,23,ABIERTA
700626,N,2023,5,380,1294,63,CERRADA
700627,A,2028,1,285,1295,53,ABIERTA
700628,N,2029,8,7980,1296,15,ABIERTA
700629,R,2027,1,7904,1297,61,ABIERTA
700630,A,2022,4,708,1298,24,CERRADA
700631,_N,2024,7,219,1299,16,CERRADA
700632,N,2024,6,196,1300,36,CERRADA
700633,F,2028,5,103,1301,51,ABIERTA
700634,A,2029,7,771,1302,32,ABIERTA
700635,A,2026,1,386,1303,41,CERRADA
700636,B3,2023,3,349,1304,17,CERRADA
700637,A,2021,5,608,1305,30,CERRADA
700638,P,2025,1,244,1306,46,CERRADA
700639,N,2024,1,118,1307,51,CERRADA
700640,U,2022,2,7987,1308,20,CERRADA
700641,C,2029,5,964,1309,34,ABIERTA
700642,N,2024,2,219,1310,37,CERRADA
700643,P,2030,4,454,1311,22,ABIERTA
700644,A1,2024,5,354,1312,36,CERRADA
700645,N,2029,4,368,1313,28,ABIERTA
700646,N,2022,1,3120,1314,64,CERRADA
700647,A+,2023,8,14,1315,27,CERRADA
700648,A,2028,2,386,1316,42,ABIERTA
700649,_B,2028,3,969,1317,27,ABIERTA
700650,N,2026,1,612,1318,51,CERRADA
700651,N,2030,2,208,1319,35,ABIERTA
700652,_N,2031,8,224,1320,17,ABIERTA
700653,N,2025,6,524,1321,33,CERRADA
700654,N,2024,3,969,1322,20,CERRADA
700655,N,2022,3,734,1323,22,CERRADA
700656,_B,2024,8,249,1324,28,CERRADA
700657,N,2022,5,486,1325,46,CERRADA
700658,N,2028,3,410,1326,16,ABIERTA
700659,C,2028,3,3118,1327,31,ABIERTA
700660,N,2025,7,528,1328,19,CERRADA
700661,C,2027,3,777,1329,35,ABIERTA
700662,Q,2026,1,2035,1330,61,ABIERTA
700663,N,2023,8,1100,1331,16,CERRADA
700664,_B,2026,2,234,1332,39,CERRADA
700665,N,2028,3,243,1333,18,ABIERTA
700666,P,2030,8,634,1334,30,ABIERTA
700667,_A,2022,1,510,1335,53,CERRADA
700668,M,2028,8,288,1336,15,ABIERTA
700669,N,2027,4,209,1337,25,ABIERTA
700670,N,2029,1,712,1338,61,ABIERTA
700671,T,2025,6,7982,1339,45,CERRADA
700672,N,2022,6,669,1340,40,CERRADA
700673,R,2030,8,7904,1341,19,ABIERTA
700674,N,2029,5,209,1342,52,ABIERTA
700675,R,2026,7,7904,1343,30,CERRADA
700676,N,2028,3,27,1344,29,ABIERTA
700677,A,2022,8,655,1345,26,CERRADA
700678,B,2024,8,89,1346,28,CERRADA
700679,B,2021,3,650,1347,19,CERRADA
700680,N,2030,7,249,1348,30,ABIERTA
700681,B,2028,7,768,1349,32,ABIERTA
700682,_E,2021,5,206,1350,64,CERRADA
700683,B,2024,4,386,1351,29,CERRADA
700684,V,2027,5,7989,1352,59,ABIERTA
700685,A+,2026,8,14,1353,16,CERRADA
700686,Q,2029,7,664,1354,16,ABIERTA
700687,A,2030,6,371,1355,32,ABIERTA
700688,O,2030,6,3118,1356,33,ABIERTA
700689,N,2025,4,7984,1357,20,CERRADA
700690,L-,2029,1,254,1358,49,ABIERTA
700691,N,2024,3,120,1359,27,CERRADA
700692,N,2030,3,433,1360,22,ABIERTA
700693,N,2023,7,212,1361,22,CERRADA
700694,P,2023,5,172,1362,35,CERRADA
700695,N,2030,7,9,1363,28,ABIERTA
700696,X,2022,1,7988,1364,35,CERRADA
700697,N,2031,4,213,1365,24,ABIERTA
700698,R,2024,3,3118,1366,23,CERRADA
700699,N,2023,3,198,1367,20,CERRADA
700700,A,2022,2,610,1368,36,CERRADA
700701,N,2026,3,235,1369,35,ABIERTA
700702,N,2021,7,620,1370,34,CERRADA
700703,N,2030,4,669,1371,19,ABIERTA
700704,P,2026,2,700,1372,34,ABIERTA
700705,P,2024,3,332,1373,27,CERRADA
700706,B,2031,7,2013,1374,28,ABIERTA
700707,N,2024,7,644,1375,27,CERRADA
700708,P,2024,3,704,1376,21,CERRADA
700709,N,2021,2,630,1377,22,CERRADA
700710,A,2027,6,30,1378,27,ABIERTA
700711,A,2027,4,778,1379,29,ABIERTA
700712,A,2025,2,786,1380,31,CERRADA
700713,N,2025,4,421,1381,15,CERRADA
700714,N,2026,5,486,1382,63,ABIERTA
700715,A,2026,7,361,1383,25,ABIERTA
700716,,2029,8,1084,1384,25,ABIERTA
700717,A,2031,1,1093,1385,36,ABIERTA
700718,P,2030,4,980,1386,18,ABIERTA
700719,P,2022,5,172,1387,57,CERRADA
700720,B,2025,5,19,1388,36,CERRADA
700721,_N,2027,4,314,1389,26,ABIERTA
700722,B,2029,8,720,1390,25,ABIERTA
700723,Q,2028,7,991,1391,26,ABIERTA
700724,X,2027,7,7988,1392,31,ABIERTA
700725,N,2026,5,513,1393,59,ABIERTA
700726,N+,2023,4,22,1394,22,CERRADA
700727,R,2031,6,2001,1395,28,ABIERTA
700728,P,2027,2,233,1396,23,ABIERTA
700729,P,2031,5,724,1397,49,ABIERTA
700730,B,2021,5,720,1398,43,CERRADA
700731,P,2025,4,234,1399,25,CERRADA
700732,P,2028,6,506,1400,24,ABIERTA
700733,N,2022,2,3606,1401,21,CERRADA
700734,N,2022,4,3120,1402,18,CERRADA
700735,_B,2028,1,454,1403,30,ABIERTA
700736,B,2026,3,388,1404,35,ABIERTA
700737,A,2022,1,659,1405,30,CERRADA
700738,H,2028,6,2005,1406,38,ABIERTA
700739,N,2026,5,209,1407,51,CERRADA
700740,P,2025,8,280,1408,15,CERRADA
700741,N,2025,5,1101,1409,33,CERRADA
700742,B,2031,1,283,1410,36,ABIERTA
700743,H,2027,2,2007,1411,26,ABIERTA
700744,F,2024,3,2003,1412,29,CERRADA
700745,_A,2023,7,210,1413,27,CERRADA
700746,K,2028,7,2002,1414,33,ABIERTA
700747,N,2028,8,5003,1415,24,ABIERTA
700748,.B,2021,2,236,1416,36,CERRADA
700749,P,2024,5,706,1417,44,CERRADA
700750,N,2023,4,116,1418,23,CERRADA
700751,N,2028,5,659,1419,54,ABIERTA
700752,_A,2024,6,84,1420,40,CERRADA
700753,N,2030,7,3120,1421,21,ABIERTA
700754,A,2024,2,453,1422,39,CERRADA
700755,A,2028,6,27,1423,25,ABIERTA
700756,N,2031,1,5014,1424,38,ABIERTA
700757,B,2029,8,388,1425,23,ABIERTA
700758,N,2027,3,423,1426,16,ABIERTA
700759,P,2022,3,282,1427,20,CERRADA
700760,N,2021,7,1076,1428,25,CERRADA
700761,_B,2023,1,454,1429,33,CERRADA
700762,N,2023,6,638,1430,26,CERRADA
700763,Q,2028,2,991,1431,29,ABIERTA
700764,P,2027,3,156,1432,26,ABIERTA
700765,Q,2021,7,254,1433,27,CERRADA
700766,K3,2022,4,152,1434,29,CERRADA
700767,Q,2025,4,1,1435,26,CERRADA
700768,_B,2029,8,532,1436,21,ABIERTA
700769,O,2025,4,655,1437,19,CERRADA
700770,N,2021,5,612,1438,65,CERRADA
700771,N,2025,5,284,1439,52,CERRADA
700772,N,2023,7,560,1440,20,CERRADA
700773,N,2026,1,380,1441,34,CERRADA
700774,_R,2025,2,214,1442,40,CERRADA
700775,N+,2024,1,508,1443,49,CERRADA
700776,_N,2022,4,220,1444,30,CERRADA
700777,N,2028,5,324,1445,46,ABIERTA
700778,R,2023,2,5,1446,43,CERRADA
700779,P,2022,6,281,1447,30,CERRADA
700780,A,2029,1,601,1448,56,ABIERTA
700781,N,2025,7,370,1449,21,CERRADA
700782,N,2021,5,5003,1450,38,CERRADA
700783,_P,2023,1,224,1451,46,CERRADA
700784,N,2024,4,614,1452,30,CERRADA
700785,H,2022,1,2007,1453,30,CERRADA
700786,B,2029,6,603,1454,44,ABIERTA
700787,N,2025,4,380,1455,20,CERRADA
700788,A,2021,7,380,1456,30,CERRADA
700789,N,2029,8,432,1457,30,ABIERTA
700790,O,2030,4,656,1458,17,ABIERTA
700791,N,2028,2,5007,1459,22,ABIERTA
700792,B,2026,6,428,1460,39,ABIERTA
700793,B,2022,3,962,1461,17,CERRADA
700794,N,2030,6,114,1462,44,ABIERTA
700795,F,2026,2,770,1463,38,CERRADA
700796,A+,2026,5,640,1464,30,ABIERTA
700797,B,2029,5,780,1465,46,ABIERTA
700798,N,2024,7,657,1466,16,CERRADA
700799,N,2031,1,630,1467,49,ABIERTA
700800,N,2022,3,970,1468,20,CERRADA
700801,N,2021,3,213,1469,17,CERRADA
700802,A,2021,7,450,1470,27,CERRADA
700803,_N,2023,2,366,1471,36,CERRADA
700804,2,2023,5,80,1472,61,CERRADA
700805,A,2024,3,22,1473,17,CERRADA
700806,N,2022,7,7980,1474,35,CERRADA
700807,_P,2024,8,440,1475,25,CERRADA
700808,_B,2023,6,242,1476,41,CERRADA
700809,A,2029,4,289,1477,19,ABIERTA
700810,B,2023,6,775,1478,30,CERRADA
700811,A,2025,8,22,1479,27,CERRADA
700812,N,2023,4,398,1480,27,CERRADA
700813,N,2024,6,612,1481,38,CERRADA
700814,A,2023,6,639,1482,44,CERRADA
700815,U,2023,4,7987,1483,27,CERRADA
700816,C,2028,5,634,1484,58,ABIERTA
700817,N,2027,3,585,1485,17,ABIERTA
700818,N,2025,3,450,1486,35,CERRADA
700819,N,2028,1,1101,1487,60,ABIERTA
700820,N,2021,8,239,1488,25,CERRADA
700821,A-,2022,7,643,1489,21,CERRADA
700822,M,2022,6,672,1490,41,CERRADA
700823,A1,2023,4,9000,1491,16,CERRADA
700824,N,2025,4,960,1492,25,CERRADA
700825,P-,2026,6,452,1493,44,CERRADA
700826,D,2023,7,773,1494,23,CERRADA
700827,D,2031,8,732,1495,30,ABIERTA
700828,N,2030,2,796,1496,29,ABIERTA
700829,_N,2030,1,220,1497,33,ABIERTA
700830,P+,2025,6,662,1498,44,CERRADA
700831,N,2024,8,787,1499,30,CERRADA
700832,F,2030,4,6,1500,26,ABIERTA
700833,A,2028,3,2004,1501,23,ABIERTA
700834,P,2028,7,311,1502,28,ABIERTA
700835,_C,2024,5,243,1503,44,CERRADA
700836,A,2028,3,610,1504,34,ABIERTA
700837,N,2026,6,3657,1505,41,ABIERTA
700838,N-,2025,5,654,1506,60,CERRADA
700839,P,2030,4,324,1507,15,ABIERTA
700840,N,2031,1,482,1508,34,ABIERTA
700841,N,2021,3,1091,1509,21,CERRADA
700842,N,2031,3,198,1510,27,ABIERTA
700843,N,2027,8,73,1511,28,ABIERTA
700844,P,2023,8,311,1512,28,CERRADA
700845,_N,2028,6,366,1513,45,ABIERTA
700846,N,2025,2,418,1514,40,CERRADA
700847,N,2028,4,84,1515,16,ABIERTA
700848,N,2028,2,524,1516,21,ABIERTA
700849,P,2022,6,233,1517,22,CERRADA
700850,N,2028,5,11,1518,55,ABIERTA
700851,N,2021,2,220,1519,30,CERRADA
700852,03,2030,3,250,1520,24,ABIERTA
700853,A,2029,5,302,1521,61,ABIERTA
700854,N,2023,2,638,1522,31,CERRADA
700855,A,2028,2,652,1523,25,ABIERTA
700856,N,2024,8,219,1524,23,CERRADA
700857,_N,2031,5,82,1525,64,ABIERTA
700858,B,2026,5,780,1526,63,CERRADA
700859,P,2024,1,7994,1527,43,CERRADA
700860,P,2028,8,281,1528,23,ABIERTA
700861,B,2025,4,775,1529,22,CERRADA
700862,L,2026,6,2001,1530,39,ABIERTA
700863,N,2026,1,7935,1531,47,ABIERTA
700864,N,2029,1,3657,1532,32,ABIERTA
700865,R,2029,2,92,1533,34,ABIERTA
700866,P,2026,8,665,1534,16,CERRADA
700867,V,2026,4,7989,1535,23,ABIERTA
700868,N,2028,6,3120,1536,42,ABIERTA
700869,_C,2029,2,232,1537,41,ABIERTA
700870,P-,2029,2,632,1538,20,ABIERTA
700871,A,2028,1,778,1539,55,ABIERTA
700872,_D,2026,3,204,1540,29,CERRADA
700873,Q,2022,6,2035,1541,44,CERRADA
700874,Q,2031,7,28,1542,32,ABIERTA
700875,B,2026,3,778,1543,33,CERRADA
700876,P,2028,4,172,1544,21,ABIERTA
700877,_B,2023,5,235,1545,30,CERRADA
700878,A,2027,6,1023,1546,21,ABIERTA
700879,O,2024,6,3656,1547,33,CERRADA
700880,D1,2030,6,150,1548,35,ABIERTA
700881,N,2027,4,660,1549,30,ABIERTA
700882,M,2026,8,440,1550,18,ABIERTA
700883,N,2022,3,201,1551,15,CERRADA
700884,R,2024,2,7904,1552,25,CERRADA
700885,U,2022,6,150,1553,33,CERRADA
700886,N,2025,3,410,1554,25,CERRADA
700887,N,2030,2,511,1555,20,ABIERTA
700888,N,2026,2,486,1556,26,CERRADA
700889,A-,2028,7,3664,1557,34,ABIERTA
700890,N,2023,1,241,1558,62,CERRADA
700891,P,2023,2,3116,1559,21,CERRADA
700892,_A,2024,5,248,1560,60,CERRADA
700893,N,2028,1,358,1561,63,ABIERTA
700894,N,2025,1,5010,1562,59,CERRADA
700895,P,2022,3,650,1563,32,CERRADA
700896,N,2021,1,787,1564,44,CERRADA
700897,P,2023,3,700,1565,16,CERRADA
700898,N,2028,3,486,1566,16,ABIERTA
700899,N,2030,1,433,1567,64,ABIERTA
700900,_3,2028,6,458,1568,20,ABIERTA
700901,N,2031,3,532,1569,34,ABIERTA
700902,N,2023,5,5008,1570,59,CERRADA
700903,_A,2025,5,248,1571,44,CERRADA
700904,A,2027,1,388,1572,59,ABIERTA
700905,P,2028,3,460,1573,21,ABIERTA
700906,S,2031,8,520,1574,19,ABIERTA
700907,A,2031,8,318,1575,21,ABIERTA
700908,O,2031,7,769,1576,17,ABIERTA
700909,P,2022,3,603,1577,34,CERRADA
700910,N,2029,3,5008,1578,26,ABIERTA
700911,C,2024,3,773,1579,15,CERRADA
700912,S-,2025,2,7985,1580,35,CERRADA
700913,R,2027,3,92,1581,34,ABIERTA
700914,N,2023,7,213,1582,26,CERRADA
700915,4,2029,4,300,1583,27,ABIERTA
700916,,2021,4,5012,1584,29,CERRADA
700917,_B,2023,2,510,1585,27,CERRADA
700918,N,2029,1,324,1586,59,ABIERTA
700919,_B,2026,1,242,1587,50,CERRADA
700920,B,2022,3,720,1588,30,CERRADA
700921,N,2025,6,221,1589,34,CERRADA
700922,E,2030,8,960,1590,30,ABIERTA
700923,Q,2026,7,7981,1591,31,CERRADA
700924,B1,2030,6,9000,1592,42,ABIERTA
700925,P,2027,7,233,1593,27,ABIERTA
700926,N,2031,4,5014,1594,29,ABIERTA
700927,A,2022,8,795,1595,21,CERRADA
700928,9,2021,5,300,1596,40,CERRADA
700929,N+,2030,4,664,1597,20,ABIERTA
700930,P,2023,2,233,1598,25,CERRADA
700931,Q,2028,8,2035,1599,18,ABIERTA
700932,N,2024,2,614,1600,39,CERRADA
700933,_N,2030,7,214,1601,27,ABIERTA
700934,A,2029,7,1093,1602,17,ABIERTA
700935,R,2028,6,18,1603,42,ABIERTA
700936,_A,2028,7,799,1604,15,ABIERTA
700937,_A,2025,1,249,1605,51,CERRADA
700938,N,2031,4,7935,1606,27,ABIERTA
700939,A,2021,5,960,1607,49,CERRADA
700940,A,2025,2,654,1608,38,CERRADA
700941,N,2029,7,3669,1609,24,ABIERTA
700942,N,2031,6,786,1610,39,ABIERTA
700943,N,2027,1,502,1611,61,ABIERTA
700944,A,2025,6,786,1612,29,CERRADA
700945,N,2022,8,991,1613,21,CERRADA
700946,A,2024,5,382,1614,45,CERRADA
700947,N,2021,6,7980,1615,33,CERRADA
700948,N,2025,5,7984,1616,60,CERRADA
700949,U,2023,3,7987,1617,22,CERRADA
700950,A,2026,1,608,1618,31,CERRADA
700951,_B,2021,1,208,1619,37,CERRADA
700952,B+,2025,4,601,1620,23,CERRADA
700953,P,2021,6,506,1621,25,CERRADA
700954,P,2026,1,233,1622,30,CERRADA
700955,N,2027,6,218,1623,31,ABIERTA
700956,C,2023,1,962,1624,33,CERRADA
700957,P,2029,7,7991,1625,30,ABIERTA
700958,P,2026,8,332,1626,26,ABIERTA
700959,P,2023,7,210,1627,35,CERRADA
700960,A+,2022,3,2036,1628,16,CERRADA
700961,A-,2031,4,358,1629,27,ABIERTA
700962,M,2025,1,288,1630,33,CERRADA
700963,A,2029,5,428,1631,38,ABIERTA
700964,A,2031,1,394,1632,32,ABIERTA
700965,A,2029,2,1093,1633,30,ABIERTA
700966,B,2029,5,2013,1634,31,ABIERTA
700967,_H,2022,8,236,1635,23,CERRADA
700968,I,2029,8,69,1636,21,ABIERTA
700969,_P,2027,6,238,1637,28,ABIERTA
700970,N,2030,3,455,1638,33,ABIERTA
700971,P,2024,5,233,1639,49,CERRADA
700972,N,2028,2,418,1640,38,ABIERTA
700973,P,2027,8,660,1641,21,ABIERTA
700974,N,2031,3,3669,1642,34,ABIERTA
700975,N,2021,8,476,1643,23,CERRADA
700976,N,2025,6,777,1644,45,CERRADA
700977,_A,2028,1,240,1645,37,ABIERTA
700978,,2024,8,5012,1646,24,CERRADA
700979,A+,2021,6,28,1647,24,CERRADA
700980,N,2023,7,1074,1648,20,CERRADA
700981,N,2021,3,511,1649,20,CERRADA
700982,A,2026,2,639,1650,43,ABIERTA
700983,N,2028,2,969,1651,25,ABIERTA
700984,B+,2021,8,601,1652,25,CERRADA
700985,_C,2021,5,243,1653,61,CERRADA
700986,N,2029,6,249,1654,38,ABIERTA
700987,M,2023,4,7983,1655,21,CERRADA
700988,P,2024,2,434,1656,24,CERRADA
700989,N,2025,8,1056,1657,24,CERRADA
700990,N,2025,2,154,1658,35,CERRADA
700991,1+,2025,4,550,1659,18,CERRADA
700992,A,2029,6,706,1660,34,ABIERTA
700993,N,2026,8,418,1661,18,ABIERTA
700994,N,2022,5,1060,1662,58,CERRADA
700995,A,2031,5,786,1663,43,ABIERTA
700996,A,2024,7,27,1664,30,CERRADA
700997,R,2027,4,348,1665,23,ABIERTA
700998,A,2031,7,430,1666,18,ABIERTA
700999,N-,2022,2,530,1667,34,CERRADA
701000,_C,2023,3,250,1668,23,CERRADA
701001,N,2030,2,320,1669,45,ABIERTA
701002,N,2023,3,213,1670,20,CERRADA
701003,P,2027,7,634,1671,26,ABIERTA
701004,N,2021,4,5010,1672,15,CERRADA
701005,A+,2029,8,3662,1673,28,ABIERTA
701006,K,2021,7,2002,1674,19,CERRADA
701007,N,2031,7,412,1675,24,ABIERTA
701008,N,2023,4,7984,1676,29,CERRADA
701009,P,2024,3,233,1677,15,CERRADA
701010,T,2024,4,7982,1678,15,CERRADA
701011,U,2022,8,7905,1679,15,CERRADA
701012,A1,2024,5,154,1680,32,CERRADA
701013,N,2023,1,1094,1681,40,CERRADA
701014,N-,2027,7,240,1682,21,ABIERTA
701015,U,2027,8,7987,1683,18,ABIERTA
701016,F,2031,4,112,1684,27,ABIERTA
701017,N,2030,1,235,1685,61,ABIERTA
701018,_C,2025,4,240,1686,26,CERRADA
701019,A,2026,3,636,1687,28,CERRADA
701020,N,2031,3,103,1688,15,ABIERTA
701021,B,2021,2,30,1689,41,CERRADA
701022,_P,2022,6,224,1690,32,CERRADA
701023,T,2026,4,7982,1691,24,ABIERTA
701024,A+,2025,7,358,1692,19,CERRADA
701025,_C,2022,5,532,1693,35,CERRADA
701026,N-,2021,6,530,1694,43,CERRADA
701027,P,2026,1,244,1695,36,ABIERTA
701028,N+,2030,6,22,1696,20,ABIERTA
701029,N,2031,8,122,1697,16,ABIERTA
701030,N,2030,4,388,1698,18,ABIERTA
701031,N,2024,5,428,1699,51,CERRADA
701032,N,2027,8,657,1700,30,ABIERTA
701033,N,2028,2,262,1701,31,ABIERTA
701034,R,2031,4,7999,1702,26,ABIERTA
701035,N,2026,7,454,1703,30,CERRADA
701036,K,2026,8,5,1704,30,ABIERTA
701037,N,2021,4,248,1705,22,CERRADA
701038,N-,2029,4,7905,1706,28,ABIERTA
701039,,2025,2,1084,1707,24,CERRADA
701040,N,2021,5,324,1708,55,CERRADA
701041,N,2025,1,672,1709,47,CERRADA
701042,A,2027,7,652,1710,16,ABIERTA
701043,Q,2022,6,116,1711,21,CERRADA
701044,B-,2024,5,796,1712,64,CERRADA
701045,N+,2028,1,392,1713,55,ABIERTA
701046,N,2031,6,60,1714,26,ABIERTA
701047,N,2029,6,1091,1715,34,ABIERTA
701048,P,2030,5,307,1716,63,ABIERTA
701049,B,2030,5,3022,1717,58,ABIERTA
701050,N,2024,8,320,1718,20,CERRADA
701051,N,2025,7,198,1719,15,CERRADA
701052,O,2022,6,8,1720,39,CERRADA
701053,N-,2023,6,246,1721,31,CERRADA
701054,N,2031,2,198,1722,32,ABIERTA
701055,N,2027,7,7993,1723,30,ABIERTA
701056,N,2021,7,3123,1724,20,CERRADA
701057,A1,2024,8,152,1725,16,CERRADA
701058,A,2029,8,970,1726,29,ABIERTA
701059,N,2030,6,620,1727,34,ABIERTA
701060,Q+,2029,3,390,1728,17,ABIERTA
701061,P,2030,4,218,1729,19,ABIERTA
701062,P,2031,6,434,1730,27,ABIERTA
701063,N-,2022,6,246,1731,21,CERRADA
701064,N,2024,8,1094,1732,19,CERRADA
701065,B,2025,8,799,1733,30,CERRADA
701066,_N,2027,8,440,1734,15,ABIERTA
701067,N,2025,3,370,1735,32,CERRADA
701068,Q,2024,4,2035,1736,28,CERRADA
701069,R,2022,4,92,1737,27,CERRADA
701070,A,2029,7,722,1738,18,ABIERTA
701071,P,2030,2,324,1739,20,ABIERTA
701072,D,2027,7,2003,1740,23,ABIERTA
701073,_C,2029,6,258,1741,24,ABIERTA
701074,N,2029,3,601,1742,24,ABIERTA
701075,A,2031,4,729,1743,27,ABIERTA
701076,N,2029,4,436,1744,20,ABIERTA
701077,N,2026,2,962,1745,25,ABIERTA
701078,P,2022,1,665,1746,33,CERRADA
701079,_A,2024,6,248,1747,26,CERRADA
701080,N,2031,2,1101,1748,27,ABIERTA
701081,N-,2022,2,147,1749,42,CERRADA
701082,A,2031,7,371,1750,19,ABIERTA
701083,_C,2027,6,522,1751,36,ABIERTA
701084,N,2026,5,7935,1752,44,CERRADA
701085,A,2027,2,797,1753,42,ABIERTA
701086,_A,2026,4,356,1754,16,ABIERTA
701087,_B,2030,6,248,1755,41,ABIERTA
701088,N,2030,3,224,1756,15,ABIERTA
701089,N,2031,3,335,1757,33,ABIERTA
701090,P,2026,1,282,1758,30,CERRADA
701091,O,2031,5,656,1759,44,ABIERTA
701092,_E,2022,8,204,1760,19,CERRADA
701093,O-,2024,1,601,1761,60,CERRADA
701094,D,2026,4,39,1762,15,ABIERTA
701095,N,2024,5,1094,1763,62,CERRADA
701096,N,2023,1,612,1764,38,CERRADA
701097,A,2028,2,771,1765,31,ABIERTA
701098,R,2021,1,7999,1766,31,CERRADA
701099,N,2029,5,7980,1767,30,ABIERTA
701100,A,2026,5,636,1768,62,CERRADA
701101,N,2029,4,1056,1769,20,ABIERTA
701102,N,2022,5,241,1770,39,CERRADA
701103,B,2028,4,770,1771,29,ABIERTA
701104,R,2031,5,2036,1772,33,ABIERTA
701105,_A,2024,3,249,1773,32,CERRADA
701106,A,2024,5,386,1774,59,CERRADA
701107,1,2026,7,453,1775,35,ABIERTA
701108,6,2027,8,455,1776,24,ABIERTA
701109,N,2030,5,632,1777,47,ABIERTA
701110,C,2028,4,5,1778,18,ABIERTA
701111,T,2022,3,2036,1779,20,CERRADA
701112,A,2021,3,283,1780,26,CERRADA
701113,A,2024,5,371,1781,43,CERRADA
701114,A,2022,3,795,1782,30,CERRADA
701115,_G,2029,1,522,1783,64,ABIERTA
701116,_H,2023,6,362,1784,38,CERRADA
701117,N,2031,3,1025,1785,21,ABIERTA
701118,N,2025,7,416,1786,17,CERRADA
701119,N,2028,8,1091,1787,17,ABIERTA
701120,P,2022,8,307,1788,30,CERRADA
701121,N,2024,1,196,1789,45,CERRADA
701122,N,2023,2,1056,1790,43,CERRADA
701123,A,2025,6,674,1791,22,CERRADA
701124,I,2029,5,5,1792,47,ABIERTA
701125,N,2026,2,786,1793,28,ABIERTA
701126,5,2027,2,453,1794,20,ABIERTA
701127,N,2023,4,3123,1795,16,CERRADA
701128,B,2026,1,781,1796,57,CERRADA
701129,A,2025,6,3123,1797,20,CERRADA
701130,A,2030,5,1,1798,60,ABIERTA
701131,N,2025,6,774,1799,35,CERRADA
701132,N,2031,2,1076,1800,45,ABIERTA
701133,B,2025,6,773,1801,30,CERRADA
701134,_H,2025,1,354,1802,57,CERRADA
701135,Q,2030,3,7981,1803,32,ABIERTA
701136,N,2030,2,3120,1804,35,ABIERTA
701137,N,2021,5,450,1805,52,CERRADA
701138,N,2029,2,398,1806,42,ABIERTA
701139,,2024,5,1084,1807,42,CERRADA
701140,N,2024,7,3657,1808,34,CERRADA
701141,N,2024,6,198,1809,26,CERRADA
701142,N,2025,7,991,1810,28,CERRADA
701143,_M,2026,8,366,1811,23,ABIERTA
701144,P,2029,3,332,1812,15,ABIERTA
701145,_B,2023,7,969,1813,34,CERRADA
701146,C1,2023,4,9000,1814,21,CERRADA
701147,E,2026,3,770,1815,32,CERRADA
701148,B,2028,8,775,1816,23,ABIERTA
701149,N,2027,2,366,1817,28,ABIERTA
701150,A,2024,8,2006,1818,28,CERRADA
701151,A,2021,5,674,1819,35,CERRADA
701152,N,2026,3,414,1820,31,CERRADA
701153,A,2027,2,2004,1821,30,ABIERTA
701154,Q,2031,1,6,1822,63,ABIERTA
701155,_E,2021,4,236,1823,26,CERRADA
701156,N,2030,8,7935,1824,25,ABIERTA
701157,C,2025,3,5,1825,24,CERRADA
701158,N,2031,7,320,1826,27,ABIERTA
701159,N,2026,3,5010,1827,19,ABIERTA
701160,P,2028,6,69,1828,35,ABIERTA
701161,A,2028,7,638,1829,21,ABIERTA
701162,P,2022,5,798,1830,40,CERRADA
701163,N,2026,6,436,1831,32,CERRADA
701164,N,2030,2,423,1832,25,ABIERTA
701165,B,2030,8,89,1833,29,ABIERTA
701166,A,2031,3,772,1834,26,ABIERTA
701167,W,2027,2,7986,1835,30,ABIERTA
701168,B1,2026,3,9000,1836,32,CERRADA
701169,N,2029,2,442,1837,44,ABIERTA
701170,P,2023,4,90,1838,26,CERRADA
701171,B,2028,2,2005,1839,42,ABIERTA
701172,N+,2030,4,508,1840,17,ABIERTA
701173,A,2023,1,3656,1841,30,CERRADA
701174,8,2021,6,300,1842,43,CERRADA
701175,Q,2024,7,2035,1843,33,CERRADA
701176,N,2022,1,5007,1844,60,CERRADA
701177,P,2022,2,526,1845,41,CERRADA
701178,.F,2024,6,522,1846,27,CERRADA
701179,B,2021,3,780,1847,25,CERRADA
701180,N,2031,5,314,1848,30,ABIERTA
701181,Q,2022,8,69,1849,17,CERRADA
701182,S,2025,2,2005,1850,34,CERRADA
701183,D,2027,4,114,1851,18,ABIERTA
701184,N,2029,7,396,1852,30,ABIERTA
701185,E,2022,2,2025,1853,36,CERRADA
701186,_N,2027,5,214,1854,54,ABIERTA
701187,A,2030,6,722,1855,25,ABIERTA
701188,N-,2029,7,7905,1856,29,ABIERTA
701189,M,2028,1,2001,1857,45,ABIERTA
701190,N,2022,2,442,1858,34,CERRADA
701191,_K,2022,1,522,1859,51,CERRADA
701192,Q,2030,7,107,1860,20,ABIERTA
701193,N,2029,7,7980,1861,20,ABIERTA
701194,B,2030,2,2036,1862,27,ABIERTA
701195,B,2027,1,665,1863,52,ABIERTA
701196,N,2026,7,1101,1864,17,ABIERTA
701197,N,2031,1,472,1865,54,ABIERTA
701198,R,2021,2,7999,1866,32,CERRADA
701199,P,2030,6,3022,1867,45,ABIERTA
701200,A,2025,8,768,1868,23,CERRADA
701201,N,2025,6,154,1869,39,CERRADA
701202,C,2022,4,5,1870,19,CERRADA
701203,N,2025,5,1091,1871,61,CERRADA
701204,H,2027,7,107,1872,30,ABIERTA
701205,A,2023,7,779,1873,31,CERRADA
701206,N,2021,3,239,1874,19,CERRADA
701207,B1,2023,7,9000,1875,24,CERRADA
701208,_P,2030,2,214,1876,28,ABIERTA
701209,N,2024,1,7935,1877,48,CERRADA
701210,A,2025,6,289,1878,25,CERRADA
701211,_B,2022,7,204,1879,26,CERRADA
701212,N,2025,7,3116,1880,29,CERRADA
701213,N,2021,8,660,1881,27,CERRADA
701214,S+,2021,1,7985,1882,43,CERRADA
701215,M,2027,2,288,1883,41,ABIERTA
701216,N,2031,5,486,1884,36,ABIERTA
701217,B,2030,6,779,1885,34,ABIERTA
701218,A,2031,2,410,1886,20,ABIERTA
701219,M,2021,3,390,1887,21,CERRADA
701220,N,2031,5,3657,1888,48,ABIERTA
701221,P,2031,4,642,1889,21,ABIERTA
701222,_F,2027,1,362,1890,58,ABIERTA
701223,P,2026,7,634,1891,19,CERRADA
701224,N,2027,7,1074,1892,19,ABIERTA
701225,N,2027,3,5007,1893,29,ABIERTA
701226,N-,2027,1,508,1894,32,ABIERTA
701227,N,2023,7,284,1895,34,CERRADA
701228,A,2031,3,972,1896,33,ABIERTA
701229,A,2022,7,19,1897,27,CERRADA
701230,P,2023,7,201,1898,35,CERRADA
701231,N,2024,1,60,1899,35,CERRADA
701232,N,2023,2,122,1900,34,CERRADA
701233,N,2029,1,612,1901,62,ABIERTA
701234,F2,2027,3,150,1902,35,ABIERTA
701235,N-,2027,2,530,1903,23,ABIERTA
701236,N,2021,5,418,1904,42,CERRADA
701237,P,2028,5,210,1905,62,ABIERTA
701238,N,2029,5,657,1906,50,ABIERTA
701239,N,2021,6,528,1907,27,CERRADA
701240,N,2026,8,60,1908,22,ABIERTA
701241,X,2031,3,7988,1909,16,ABIERTA
701242,N,2025,3,3669,1910,21,CERRADA
701243,N+,2026,6,530,1911,37,CERRADA
701244,O,2022,1,674,1912,45,CERRADA
701245,A,2031,4,1023,1913,23,ABIERTA
701246,Q,2028,2,2035,1914,23,ABIERTA
701247,A,2028,8,450,1915,16,ABIERTA
701248,S,2028,2,2005,1916,30,ABIERTA
701249,N,2030,5,9,1917,42,ABIERTA
701250,Q,2030,2,92,1918,24,ABIERTA
701251,N,2025,7,472,1919,15,CERRADA
701252,N,2022,5,667,1920,38,CERRADA
701253,N2,2024,7,7902,1921,21,CERRADA
701254,P-,2021,2,632,1922,36,CERRADA
701255,_A,2021,3,440,1923,20,CERRADA
701256,N,2025,5,620,1924,42,CERRADA
701257,B,2026,2,968,1925,43,ABIERTA
701258,A,2022,2,3656,1926,31,CERRADA
701259,N,2028,7,7984,1927,23,ABIERTA
701260,N,2027,8,511,1928,23,ABIERTA
701261,P,2021,4,6,1929,30,CERRADA
701262,Q,2028,6,7995,1930,40,ABIERTA
701263,A,2022,5,9,1931,65,CERRADA
701264,_B,2030,7,502,1932,27,ABIERTA
701265,B-,2027,8,796,1933,26,ABIERTA
701266,N,2023,8,712,1934,24,CERRADA
701267,M,2025,3,7983,1935,28,CERRADA
701268,N,2029,1,975,1936,60,ABIERTA
701269,N,2030,2,560,1937,38,ABIERTA
701270,N,2029,6,219,1938,40,ABIERTA
701271,N,2030,1,7991,1939,33,ABIERTA
701272,G,2026,5,6,1940,59,ABIERTA
701273,A,2028,3,318,1941,15,ABIERTA
701274,P,2024,2,1,1942,25,CERRADA
701275,R,2024,5,7904,1943,30,CERRADA
701276,H,2026,2,17,1944,39,CERRADA
701277,N,2024,5,122,1945,58,CERRADA
701278,N,2028,2,5003,1946,33,ABIERTA
701279,Q,2025,1,3656,1947,46,CERRADA
701280,B,2025,2,118,1948,23,CERRADA
701281,N,2021,5,382,1949,58,CERRADA
701282,N,2028,1,103,1950,47,ABIERTA
701283,A1,2029,3,9000,1951,25,ABIERTA
701284,B,2030,6,777,1952,34,ABIERTA
701285,E,2023,8,107,1953,29,CERRADA
701286,N,2026,6,421,1954,35,CERRADA
701287,N,2023,7,450,1955,29,CERRADA
701288,C,2026,2,3118,1956,24,ABIERTA
701289,F,2030,2,107,1957,44,ABIERTA
701290,J,2026,5,5,1958,61,ABIERTA
701291,B3,2021,6,349,1959,42,CERRADA
701292,F,2030,3,2003,1960,34,ABIERTA
701293,N,2023,4,262,1961,29,CERRADA
701294,R,2026,1,18,1962,52,CERRADA
701295,A,2028,6,382,1963,34,ABIERTA
701296,B,2025,1,720,1964,61,CERRADA
701297,_4,2029,6,458,1965,20,ABIERTA
701298,_D,2031,2,204,1966,23,ABIERTA
701299,N,2027,4,409,1967,18,ABIERTA
701300,C,2030,1,601,1968,30,ABIERTA
701301,_A,2021,7,210,1969,19,CERRADA
701302,S,2030,4,658,1970,16,ABIERTA
701303,N,2027,8,209,1971,29,ABIERTA
701304,H,2023,1,2007,1972,48,CERRADA
701305,_G,2031,7,504,1973,23,ABIERTA
701306,_A,2028,6,243,1974,31,ABIERTA
701307,A,2022,5,410,1975,44,CERRADA
701308,N,2030,3,3123,1976,23,ABIERTA
701309,N,2028,1,5007,1977,42,ABIERTA
701310,A,2026,4,452,1978,28,ABIERTA
701311,P,2029,4,281,1979,21,ABIERTA
701312,A,2031,7,3116,1980,20,ABIERTA
701313,N,2031,6,122,1981,30,ABIERTA
701314,N,2031,7,1025,1982,33,ABIERTA
701315,N,2027,2,320,1983,24,ABIERTA
701316,A,2026,1,453,1984,38,CERRADA
701317,R,2023,6,118,1985,21,CERRADA
701318,_D,2029,3,204,1986,16,ABIERTA
701319,_B,2027,8,354,1987,26,ABIERTA
701320,D,2024,2,17,1988,29,CERRADA
701321,A,2021,2,636,1989,21,CERRADA
701322,A,2025,4,382,1990,28,CERRADA
701323,S,2024,4,732,1991,26,CERRADA
701324,A,2025,2,2006,1992,30,CERRADA
701325,P,2029,6,172,1993,20,ABIERTA
701326,N,2026,7,120,1994,28,CERRADA
701327,Q,2026,4,7981,1995,16,CERRADA
701328,S-,2021,3,7985,1996,20,CERRADA
701329,A,2023,2,412,1997,28,CERRADA
701330,A+,2023,8,358,1998,17,CERRADA
701331,.C,2024,7,522,1999,32,CERRADA
701332,N,2024,7,1059,2000,22,CERRADA
701333,N,2023,3,606,2001,30,CERRADA
701334,_J,2029,7,522,2002,21,ABIERTA
701335,N,2021,7,418,2003,18,CERRADA
701336,B,2026,1,3022,2004,41,ABIERTA
701337,P,2025,2,526,2005,25,CERRADA
701338,_B,2031,6,502,2006,24,ABIERTA
701339,U,2029,8,311,2007,16,ABIERTA
701340,F,2027,2,770,2008,28,ABIERTA
701341,N,2031,5,1091,2009,34,ABIERTA
701342,N,2030,2,5012,2010,38,ABIERTA
701343,N,2031,3,410,2011,18,ABIERTA
701344,N,2021,3,356,2012,27,CERRADA
701345,N,2025,6,219,2013,21,CERRADA
701346,A,2025,7,722,2014,22,CERRADA
701347,K,2029,5,2002,2015,54,ABIERTA
701348,N,2031,8,5011,2016,24,ABIERTA
701349,A,2024,7,380,2017,24,CERRADA
701350,_A,2031,6,235,2018,38,ABIERTA
701351,A,2028,5,708,2019,49,ABIERTA
701352,B,2025,7,700,2020,30,CERRADA
701353,N,2021,7,69,2021,25,CERRADA
701354,N,2026,4,224,2022,18,CERRADA
701355,N,2026,8,262,2023,28,ABIERTA
701356,T,2031,8,7982,2024,18,ABIERTA
701357,P,2023,8,3710,2025,28,CERRADA
701358,C,2026,4,962,2026,22,CERRADA
701359,S,2025,3,452,2027,31,CERRADA
701360,N+,2024,5,390,2028,51,CERRADA
701361,A,2024,3,318,2029,15,CERRADA
701362,A,2029,2,768,2030,33,ABIERTA
701363,B,2023,8,774,2031,23,CERRADA
701364,N,2027,7,414,2032,31,ABIERTA
701365,N,2031,1,532,2033,43,ABIERTA
701366,_N,2022,2,311,2034,34,CERRADA
701367,N,2022,3,432,2035,30,CERRADA
701368,N,2026,5,560,2036,59,CERRADA
701369,N-,2021,8,676,2037,20,CERRADA
701370,A+,2031,4,3662,2038,19,ABIERTA
701371,A,2031,7,8,2039,32,ABIERTA
701372,A,2027,2,382,2040,22,ABIERTA
701373,P,2024,4,506,2041,15,CERRADA
701374,N,2026,8,1101,2042,21,CERRADA
701375,M,2029,5,112,2043,30,ABIERTA
701376,P,2030,1,526,2044,36,ABIERTA
701377,N,2029,2,1076,2045,24,ABIERTA
701378,N,2025,8,416,2046,17,CERRADA
701379,Q,2025,4,664,2047,25,CERRADA
701380,N,2029,7,5010,2048,34,ABIERTA
701381,_N,2029,6,366,2049,41,ABIERTA
701382,N,2029,2,3669,2050,21,ABIERTA
701383,A,2024,6,11,2051,41,CERRADA
701384,N,2021,3,7991,2052,35,CERRADA
701385,N,2030,2,241,2053,38,ABIERTA
701386,_C,2031,6,204,2054,28,ABIERTA
701387,A,2025,2,785,2055,22,CERRADA
701388,N,2028,1,5014,2056,61,ABIERTA
701389,P,2022,6,3658,2057,37,CERRADA
701390,N,2030,1,90,2058,52,ABIERTA
701391,U,2025,2,311,2059,29,CERRADA
701392,A,2022,3,687,2060,34,CERRADA
701393,4,2021,6,82,2061,25,CERRADA
701394,A,2022,1,778,2062,44,CERRADA
701395,A,2021,8,89,2063,28,CERRADA
701396,N,2031,6,418,2064,22,ABIERTA
701397,N-,2027,6,530,2065,41,ABIERTA
701398,_F,2022,6,200,2066,41,CERRADA
701399,N,2026,7,3606,2067,21,CERRADA
701400,N,2030,7,653,2068,35,ABIERTA
701401,_Q,2022,4,200,2069,22,CERRADA
701402,B,2030,6,780,2070,24,ABIERTA
701403,_A,2026,1,358,2071,33,CERRADA
701404,N,2022,1,1065,2072,46,CERRADA
701405,N,2024,2,1060,2073,44,CERRADA
701406,N,2022,7,666,2074,19,CERRADA
701407,N,2023,3,653,2075,28,CERRADA
701408,_3,2027,3,458,2076,27,ABIERTA
701409,A,2029,5,637,2077,64,ABIERTA
701410,N,2030,4,513,2078,26,ABIERTA
701411,N,2031,4,1094,2079,15,ABIERTA
701412,A,2030,4,700,2080,17,ABIERTA
701413,P,2026,7,316,2081,30,CERRADA
701414,N,2030,4,235,2082,21,ABIERTA
701415,N,2024,3,122,2083,16,CERRADA
701416,N,2029,6,442,2084,35,ABIERTA
701417,A,2024,6,462,2085,22,CERRADA
701418,_A,2030,4,799,2086,28,ABIERTA
701419,_N,2030,2,366,2087,34,ABIERTA
701420,A,2030,4,116,2088,30,ABIERTA
701421,N,2030,1,368,2089,48,ABIERTA
701422,N,2026,5,5010,2090,32,ABIERTA
701423,A,2021,6,722,2091,27,CERRADA
701424,A-,2031,7,14,2092,21,ABIERTA
701425,W,2023,6,7986,2093,27,CERRADA
701426,E,2022,4,101,2094,25,CERRADA
701427,N,2028,6,198,2095,41,ABIERTA
701428,B,2028,1,30,2096,37,ABIERTA
701429,N,2022,8,472,2097,23,CERRADA
701430,N,2027,3,432,2098,29,ABIERTA
701431,A,2029,2,154,2099,29,ABIERTA
701432,_A,2030,7,799,2100,20,ABIERTA
701433,N,2025,5,437,2101,42,CERRADA
701434,_C,2029,5,520,2102,43,ABIERTA
701435,N,2028,1,210,2103,48,ABIERTA
701436,A,2027,4,729,2104,24,ABIERTA
701437,B,2028,6,780,2105,29,ABIERTA
701438,K,2026,1,2002,2106,35,ABIERTA
701439,X,2030,5,7988,2107,65,ABIERTA
701440,A,2026,3,1023,2108,35,ABIERTA
701441,N,2025,8,712,2109,23,CERRADA
701442,C,2028,7,795,2110,29,ABIERTA
701443,N,2024,5,416,2111,50,CERRADA
701444,O,2029,5,8,2112,41,ABIERTA
701445,R,2030,4,92,2113,21,ABIERTA
701446,C,2023,2,610,2114,29,CERRADA
701447,N,2023,5,324,2115,50,CERRADA
701448,A,2028,3,706,2116,35,ABIERTA
701449,_N,2030,7,220,2117,18,ABIERTA
701450,N,2024,4,1034,2118,22,CERRADA
701451,N,2027,5,1094,2119,45,ABIERTA
701452,N,2029,7,524,2120,26,ABIERTA
701453,N,2028,8,398,2121,27,ABIERTA
701454,N,2031,1,3120,2122,56,ABIERTA
701455,A,2031,6,82,2123,31,ABIERTA
701456,P,2027,4,307,2124,15,ABIERTA
701457,N,2021,2,346,2125,37,CERRADA
701458,N,2023,8,335,2126,16,CERRADA
701459,N,2021,2,196,2127,40,CERRADA
701460,R,2021,5,116,2128,48,CERRADA
701461,B,2031,2,773,2129,44,ABIERTA
701462,N,2027,3,430,2130,16,ABIERTA
701463,P,2028,1,506,2131,63,ABIERTA
701464,N,2025,4,5015,2132,24,CERRADA
701465,A,2028,1,314,2133,46,ABIERTA
701466,N,2024,1,1025,2134,58,CERRADA
701467,N,2022,8,513,2135,23,CERRADA
701468,M,2028,3,7983,2136,33,ABIERTA
701469,N,2030,4,7993,2137,20,ABIERTA
701470,P,2023,7,666,2138,18,CERRADA
701471,M,2027,7,288,2139,18,ABIERTA
701472,N,2025,3,7993,2140,16,CERRADA
701473,R,2031,5,7904,2141,41,ABIERTA
701474,O,2028,8,655,2142,22,ABIERTA
701475,C,2021,1,772,2143,48,CERRADA
701476,_3,2027,2,458,2144,26,ABIERTA
701477,_B,2022,5,242,2145,61,CERRADA
701478,N,2023,4,630,2146,23,CERRADA
701479,A,2031,5,289,2147,50,ABIERTA
701480,D,2029,4,2003,2148,24,ABIERTA
701481,N,2026,8,524,2149,28,ABIERTA
701482,A+,2029,8,664,2150,15,ABIERTA
701483,N,2031,8,7980,2151,30,ABIERTA
701484,N,2030,7,1071,2152,28,ABIERTA
701485,A1,2030,4,156,2153,24,ABIERTA
701486,_A,2025,7,204,2154,23,CERRADA
701487,D,2025,8,700,2155,21,CERRADA
701488,_C,2028,4,502,2156,24,ABIERTA
701489,N,2024,5,5007,2157,43,CERRADA
701490,A,2025,2,371,2158,39,CERRADA
701491,_B,2028,5,969,2159,51,ABIERTA
701492,N,2023,8,80,2160,24,CERRADA
701493,P,2025,5,660,2161,36,CERRADA
701494,N,2024,6,423,2162,34,CERRADA
701495,B,2022,7,632,2163,25,CERRADA
701496,A,2030,1,724,2164,49,ABIERTA
701497,A,2026,5,608,2165,36,ABIERTA
701498,_N,2030,7,311,2166,27,ABIERTA
701499,3,2021,7,80,2167,21,CERRADA
701500,P,2025,3,660,2168,25,CERRADA
701501,N,2024,2,657,2169,31,CERRADA
701502,M,2028,4,664,2170,30,ABIERTA
701503,B,2028,7,101,2171,24,ABIERTA
701504,N,2022,5,286,2172,42,CERRADA
701505,A,2023,2,318,2173,35,CERRADA
701506,P,2022,7,634,2174,23,CERRADA
701507,E,2023,8,770,2175,23,CERRADA
701508,W,2028,8,7986,2176,29,ABIERTA
701509,P,2029,8,434,2177,17,ABIERTA
701510,_C,2030,4,234,2178,29,ABIERTA
701511,N,2021,1,5003,2179,35,CERRADA
701512,A,2021,7,27,2180,27,CERRADA
701513,M,2030,4,708,2181,17,ABIERTA
701514,B,2024,8,774,2182,19,CERRADA
701515,N,2022,3,224,2183,32,CERRADA
701516,N,2028,7,286,2184,30,ABIERTA
701517,N,2028,1,116,2185,33,ABIERTA
701518,A,2026,6,772,2186,40,ABIERTA
701519,N,2029,6,560,2187,29,ABIERTA
701520,_B,2022,3,454,2188,31,CERRADA
701521,M,2024,6,708,2189,36,CERRADA
701522,A,2031,2,972,2190,32,ABIERTA
701523,C,2021,7,773,2191,35,CERRADA
701524,E1,2031,5,348,2192,41,ABIERTA
701525,_D,2031,4,504,2193,18,ABIERTA
701526,_2,2029,7,252,2194,19,ABIERTA
701527,N,2027,8,7935,2195,29,ABIERTA
701528,A,2027,2,89,2196,28,ABIERTA
701529,N3,2025,7,200,2197,15,CERRADA
701530,N,2024,1,414,2198,61,CERRADA
701531,R2,2021,7,348,2199,18,CERRADA
701532,N3,2022,8,7902,2200,29,CERRADA
701533,N,2025,2,398,2201,30,CERRADA
701534,A,2028,7,720,2202,15,ABIERTA
701535,2,2026,5,453,2203,60,ABIERTA
701536,A,2027,7,687,2204,16,ABIERTA
701537,A,2028,3,778,2205,21,ABIERTA
701538,A,2026,5,781,2206,37,CERRADA
701539,A,2027,5,655,2207,57,ABIERTA
701540,P,2030,8,201,2208,29,ABIERTA
701541,P,2022,3,724,2209,31,CERRADA
701542,P,2022,1,234,2210,32,CERRADA
701543,A,2023,8,9,2211,28,CERRADA
701544,A3,2027,8,354,2212,24,ABIERTA
701545,M,2030,6,452,2213,38,ABIERTA
701546,_N,2022,5,214,2214,64,CERRADA
701547,A,2028,7,729,2215,28,ABIERTA
701548,N,2028,2,324,2216,22,ABIERTA
701549,N,2021,1,222,2217,50,CERRADA
701550,N,2024,3,235,2218,17,CERRADA
701551,E,2026,6,960,2219,44,ABIERTA
701552,N,2029,5,606,2220,42,ABIERTA
701553,N,2031,4,90,2221,15,ABIERTA
701554,N,2026,1,614,2222,55,CERRADA
701555,N,2031,2,1091,2223,31,ABIERTA
701556,T,2031,3,7982,2224,32,ABIERTA
701557,N,2021,8,486,2225,30,CERRADA
701558,S,2025,6,202,2226,36,CERRADA
701559,N,2023,4,5015,2227,27,CERRADA
701560,N,2026,5,5011,2228,58,CERRADA
701561,N,2022,5,421,2229,33,CERRADA
701562,N,2023,3,1077,2230,34,CERRADA
701563,P,2026,5,3656,2231,46,ABIERTA
701564,O,2026,8,656,2232,18,ABIERTA
701565,N,2029,1,346,2233,60,ABIERTA
701566,A,2022,6,450,2234,20,CERRADA
701567,A,2025,6,371,2235,25,CERRADA
701568,_A,2027,7,361,2236,20,ABIERTA
701569,N,2021,3,3669,2237,34,CERRADA
701570,E,2021,5,2003,2238,53,CERRADA
701571,N,2023,1,3606,2239,61,CERRADA
701572,N,2021,7,1060,2240,31,CERRADA
701573,N,2028,4,222,2241,19,ABIERTA
701574,K,2028,5,2002,2242,64,ABIERTA
701575,Q,2031,5,667,2243,44,ABIERTA
701576,A,2028,8,19,2244,16,ABIERTA
701577,N,2022,3,284,2245,33,CERRADA
701578,N,2022,5,437,2246,31,CERRADA
701579,01,2022,5,250,2247,59,CERRADA
701580,Q,2025,6,3118,2248,26,CERRADA
701581,M,2022,1,288,2249,44,CERRADA
701582,A+,2026,8,28,2250,24,ABIERTA
701583,_B,2026,2,502,2251,33,CERRADA
701584,M,2031,6,7983,2252,25,ABIERTA
701585,A,2024,6,654,2253,45,CERRADA
701586,M-,2025,2,662,2254,28,CERRADA
701587,A,2026,3,3656,2255,35,ABIERTA
701588,N,2022,7,286,2256,28,CERRADA
701589,N,2024,6,960,2257,21,CERRADA
701590,P,2021,7,460,2258,34,CERRADA
701591,P,2031,7,302,2259,33,ABIERTA
701592,N,2027,1,969,2260,33,ABIERTA
701593,O,2027,1,8,2261,43,ABIERTA
701594,A,2024,6,89,2262,27,CERRADA
701595,Q,2023,7,92,2263,32,CERRADA
701596,N,2023,4,1025,2264,24,CERRADA
701597,N,2021,7,209,2265,16,CERRADA
701598,N,2031,4,198,2266,30,ABIERTA
701599,N,2023,8,73,2267,30,CERRADA
701600,_A,2027,4,510,2268,25,ABIERTA
701601,1,2031,5,82,2269,39,ABIERTA
701602,P,2024,3,324,2270,29,CERRADA
701603,A1,2023,2,522,2271,33,CERRADA
701604,C,2030,4,960,2272,25,ABIERTA
701605,N,2027,7,614,2273,30,ABIERTA
701606,N,2026,5,644,2274,38,ABIERTA
701607,N,2022,2,239,2275,40,CERRADA
701608,A,2022,7,1093,2276,35,CERRADA
701609,N,2030,8,221,2277,20,ABIERTA
701610,N,2028,6,644,2278,30,ABIERTA
701611,_Q,2025,6,200,2279,20,CERRADA
701612,Y1,2024,2,9000,2280,37,CERRADA
701613,A,2027,1,655,2281,59,ABIERTA
701614,N,2026,7,7980,2282,17,CERRADA
701615,_B,2029,6,550,2283,43,ABIERTA
701616,N,2023,5,644,2284,47,CERRADA
701617,P,2024,2,3656,2285,28,CERRADA
701618,D,2021,4,18,2286,15,CERRADA
701619,N,2031,7,7993,2287,15,ABIERTA
701620,N,2027,5,975,2288,57,ABIERTA
701621,M,2021,5,7983,2289,62,CERRADA
701622,B,2028,8,18,2290,29,ABIERTA
701623,N,2022,5,975,2291,32,CERRADA
701624,N,2029,8,396,2292,16,ABIERTA
701625,N,2027,8,560,2293,21,ABIERTA
701626,P,2030,2,218,2294,32,ABIERTA
701627,P,2028,8,173,2295,20,ABIERTA
701628,N,2028,6,513,2296,37,ABIERTA
701629,N,2023,2,209,2297,31,CERRADA
701630,B,2029,4,768,2298,26,ABIERTA
701631,_D,2025,2,230,2299,37,CERRADA
701632,A,2027,4,2006,2300,27,ABIERTA
701633,N,2030,2,653,2301,28,ABIERTA
701634,N,2024,5,116,2302,38,CERRADA
701635,N,2025,6,5015,2303,41,CERRADA
701636,F-,2031,5,2025,2304,57,ABIERTA
701637,N,2022,7,975,2305,26,CERRADA
701638,A,2024,2,724,2306,27,CERRADA
701639,P,2027,1,280,2307,55,ABIERTA
701640,_A,2022,3,208,2308,26,CERRADA
701641,B,2030,4,772,2309,16,ABIERTA
701642,E,2029,1,960,2310,54,ABIERTA
701643,N,2024,5,222,2311,39,CERRADA
701644,I,2030,1,5,2312,33,ABIERTA
701645,N,2027,7,335,2313,18,ABIERTA
701646,U,2023,6,7987,2314,25,CERRADA
701647,M,2028,7,603,2315,33,ABIERTA
701648,_I,2030,1,202,2316,53,ABIERTA
701649,N-,2021,7,654,2317,17,CERRADA
701650,D,2028,8,18,2318,20,ABIERTA
701651,N,2028,5,3658,2319,58,ABIERTA
701652,N,2029,8,1034,2320,18,ABIERTA
701653,V,2029,1,7989,2321,55,ABIERTA
701654,Q,2023,1,92,2322,64,CERRADA
701655,C,2025,1,634,2323,49,CERRADA
701656,A,2029,6,22,2324,24,ABIERTA
701657,N,2023,7,423,2325,26,CERRADA
701658,N,2027,2,433,2326,45,ABIERTA
701659,Q,2030,7,3116,2327,17,ABIERTA
701660,N,2024,3,603,2328,16,CERRADA
701661,6,2025,5,300,2329,51,CERRADA
701662,C,2027,2,2009,2330,37,ABIERTA
701663,R,2030,8,147,2331,23,ABIERTA
701664,A,2026,7,1093,2332,15,CERRADA
701665,P,2024,8,734,2333,28,CERRADA
701666,H,2022,2,2007,2334,44,CERRADA
701667,D,2021,8,700,2335,19,CERRADA
701668,A,2028,7,706,2336,25,ABIERTA
701669,N,2027,7,262,2337,21,ABIERTA
701670,C,2022,1,19,2338,52,CERRADA
701671,B+,2023,3,732,2339,24,CERRADA
701672,A,2026,6,768,2340,45,CERRADA
701673,X,2030,1,7988,2341,63,ABIERTA
701674,Q,2031,4,116,2342,29,ABIERTA
701675,B,2030,8,388,2343,25,ABIERTA
701676,_A,2027,6,232,2344,30,ABIERTA
701677,N,2031,6,1059,2345,40,ABIERTA
701678,N,2030,6,7980,2346,28,ABIERTA
701679,2,2028,3,453,2347,31,ABIERTA
701680,D,2026,6,960,2348,28,ABIERTA
701681,N,2023,1,238,2349,57,CERRADA
701682,_N,2025,5,224,2350,56,CERRADA
701683,_N,2028,1,238,2351,47,ABIERTA
701684,N,2026,7,221,2352,25,CERRADA
701685,N,2023,3,3657,2353,25,CERRADA
701686,N,2022,8,476,2354,20,CERRADA
701687,B,2030,1,2013,2355,44,ABIERTA
701688,K,2025,1,2002,2356,33,CERRADA
701689,N,2024,5,620,2357,63,CERRADA
701690,A,2024,7,2006,2358,22,CERRADA
701691,N,2024,2,774,2359,35,CERRADA
701692,N,2024,5,92,2360,38,CERRADA
701693,B,2023,2,778,2361,26,CERRADA
701694,N,2029,8,975,2362,28,ABIERTA
701695,C,2031,3,772,2363,24,ABIERTA
701696,_D,2029,7,248,2364,18,ABIERTA
701697,P,2023,5,704,2365,40,CERRADA
701698,N,2023,3,370,2366,16,CERRADA
701699,N,2026,4,644,2367,24,CERRADA
701700,N,2031,7,657,2368,33,ABIERTA
701701,N+,2027,8,246,2369,20,ABIERTA
701702,Q,2027,1,114,2370,56,ABIERTA
701703,R,2031,5,3664,2371,54,ABIERTA
701704,A,2021,4,653,2372,15,CERRADA
701705,N,2031,5,224,2373,34,ABIERTA
701706,H,2025,2,103,2374,22,CERRADA
701707,P,2021,1,3656,2375,36,CERRADA
701708,A,2028,6,236,2376,43,ABIERTA
701709,N,2028,1,5015,2377,36,ABIERTA
701710,G,2022,6,6,2378,21,CERRADA
701711,P,2030,6,244,2379,45,ABIERTA
701712,N,2024,8,198,2380,25,CERRADA
701713,N,2029,7,211,2381,26,ABIERTA
701714,1-,2024,4,550,2382,22,CERRADA
701715,Q,2026,6,2035,2383,20,ABIERTA
701716,N,2024,1,991,2384,58,CERRADA
701717,C,2027,6,101,2385,23,ABIERTA
701718,P,2021,3,603,2386,31,CERRADA
701719,B,2025,5,775,2387,53,CERRADA
701720,_B,2025,7,969,2388,26,CERRADA
701721,A,2025,2,768,2389,33,CERRADA
701722,_A,2022,5,236,2390,60,CERRADA
701723,N,2024,7,513,2391,24,CERRADA
701724,A-,2028,3,3664,2392,30,ABIERTA
701725,_N,2027,8,311,2393,24,ABIERTA
701726,N,2025,1,219,2394,62,CERRADA
701727,B,2024,5,428,2395,60,CERRADA
701728,N,2022,7,612,2396,21,CERRADA
701729,N,2024,1,368,2397,30,CERRADA
701730,A,2027,5,637,2398,51,ABIERTA
701731,Q,2028,3,991,2399,17,ABIERTA
701732,Q,2022,4,656,2400,21,CERRADA
701733,_A,2023,8,361,2401,25,CERRADA
701734,N,2022,2,771,2402,20,CERRADA
701735,A,2022,7,659,2403,25,CERRADA
701736,A,2030,1,653,2404,60,ABIERTA
701737,A,2022,4,614,2405,17,CERRADA
701738,N,2030,8,777,2406,18,ABIERTA
701739,P,2025,3,3658,2407,26,CERRADA
701740,D,2021,7,17,2408,30,CERRADA
701741,M,2031,7,452,2409,31,ABIERTA
701742,Z,2024,3,74,2410,24,CERRADA
701743,A1,2030,6,154,2411,22,ABIERTA
701744,Q,2022,6,170,2412,35,CERRADA
701745,N,2025,2,637,2413,36,CERRADA
701746,N,2021,8,637,2414,15,CERRADA
701747,N,2030,1,7935,2415,37,ABIERTA
701748,P,2028,5,307,2416,52,ABIERTA
701749,_B,2023,6,969,2417,42,CERRADA
701750,P,2031,3,769,2418,19,ABIERTA
701751,N-,2028,8,508,2419,21,ABIERTA
701752,C,2027,4,768,2420,30,ABIERTA
701753,_D,2023,1,358,2421,42,CERRADA
701754,N+,2021,1,642,2422,62,CERRADA
701755,A,2028,6,780,2423,20,ABIERTA
701756,B,2027,2,650,2424,38,ABIERTA
701757,N,2022,7,368,2425,29,CERRADA
701758,C,2021,3,964,2426,31,CERRADA
701759,P,2026,7,233,2427,26,ABIERTA
701760,N,2025,5,1056,2428,41,CERRADA
701761,N,2021,1,213,2429,63,CERRADA
701762,D,2030,2,18,2430,24,ABIERTA
701763,N,2021,8,216,2431,26,CERRADA
701764,N,2030,6,320,2432,35,ABIERTA
701765,A,2023,6,786,2433,24,CERRADA
701766,A+,2030,5,640,2434,56,ABIERTA
701767,P,2029,3,244,2435,26,ABIERTA
701768,N,2028,7,11,2436,29,ABIERTA
701769,A,2022,4,2006,2437,27,CERRADA
701770,_H,2026,5,236,2438,55,CERRADA
701771,N,2024,6,3669,2439,39,CERRADA
701772,A,2031,4,667,2440,22,ABIERTA
701773,N,2022,4,394,2441,25,CERRADA
701774,G1,2022,7,150,2442,27,CERRADA
701775,N,2028,3,346,2443,15,ABIERTA
701776,N,2023,7,394,2444,28,CERRADA
701777,P,2023,1,252,2445,31,CERRADA
701778,B,2025,4,772,2446,27,CERRADA
701779,N,2025,7,423,2447,27,CERRADA
701780,N,2021,6,370,2448,26,CERRADA
701781,N,2030,2,382,2449,20,ABIERTA
701782,Q,2030,4,28,2450,16,ABIERTA
701783,N+,2023,1,512,2451,43,CERRADA
701784,D,2022,7,771,2452,33,CERRADA
701785,N,2023,4,221,2453,30,CERRADA
701786,Q+,2021,3,390,2454,34,CERRADA
701787,N,2023,6,3123,2455,22,CERRADA
701788,P,2027,3,233,2456,32,ABIERTA
701789,N,2026,3,209,2457,30,CERRADA
701790,A,2024,4,123,2458,19,CERRADA
701791,_D,2024,8,454,2459,15,CERRADA
701792,A,2029,6,799,2460,20,ABIERTA
701793,N,2023,8,1034,2461,26,CERRADA
701794,N,2025,3,524,2462,35,CERRADA
701795,N,2025,4,73,2463,20,CERRADA
701796,A,2022,2,2006,2464,26,CERRADA
701797,N,2028,5,90,2465,34,ABIERTA
701798,R,2023,8,5,2466,19,CERRADA
701799,N,2021,5,213,2467,49,CERRADA
701800,Y,2029,6,74,2468,32,ABIERTA
701801,_F,2023,3,522,2469,34,CERRADA
701802,N,2024,7,382,2470,27,CERRADA
701803,R,2030,5,116,2471,52,ABIERTA
701804,N,2022,4,241,2472,20,CERRADA
701805,N,2021,8,787,2473,20,CERRADA
701806,V,2026,7,7989,2474,24,ABIERTA
701807,N,2021,6,1025,2475,44,CERRADA
701808,A,2024,4,700,2476,15,CERRADA
701809,_A,2026,3,242,2477,33,CERRADA
701810,P,2024,2,980,2478,42,CERRADA
701811,Q,2029,6,2035,2479,34,ABIERTA
701812,C,2021,2,634,2480,36,CERRADA
701813,A,2027,7,89,2481,31,ABIERTA
701814,B,2025,5,2013,2482,37,CERRADA
701815,N,2029,2,196,2483,41,ABIERTA
701816,M,2031,6,672,2484,35,ABIERTA
701817,A+,2025,6,28,2485,40,CERRADA
701818,A,2029,2,386,2486,29,ABIERTA
701819,N,2026,6,7935,2487,25,ABIERTA
701820,_C,2028,3,245,2488,34,ABIERTA
701821,N-,2023,5,530,2489,31,CERRADA
701822,5,2022,7,82,2490,34,CERRADA
701823,N,2024,8,248,2491,20,CERRADA
701824,N,2028,8,657,2492,19,ABIERTA
701825,D,2024,6,114,2493,25,CERRADA
701826,_A,2025,1,356,2494,59,CERRADA
701827,N,2029,8,5008,2495,26,ABIERTA
701828,A,2025,1,654,2496,52,CERRADA
701829,D+,2022,5,147,2497,42,CERRADA
701830,_A,2021,8,356,2498,15,CERRADA
701831,O,2031,1,8,2499,32,ABIERTA
701832,N,2028,8,787,2500,28,ABIERTA
701833,N,2022,3,528,2501,20,CERRADA
701834,A,2027,7,300,2502,17,ABIERTA
701835,Q,2021,2,656,2503,22,CERRADA
701836,A,2029,8,734,2504,22,ABIERTA
701837,A,2025,3,640,2505,30,CERRADA
701838,N,2029,2,638,2506,22,ABIERTA
701839,N,2024,1,358,2507,63,CERRADA
701840,N,2029,6,991,2508,35,ABIERTA
701841,_C,2023,1,454,2509,57,CERRADA
701842,P,2025,2,980,2510,21,CERRADA
701843,B,2029,4,795,2511,19,ABIERTA
701844,,2031,2,1084,2512,24,ABIERTA
701845,P,2030,5,660,2513,54,ABIERTA
701846,Q,2030,6,112,2514,23,ABIERTA
701847,Q,2026,1,7981,2515,41,CERRADA
701848,N,2023,8,5011,2516,27,CERRADA
701849,N,2027,1,1076,2517,46,ABIERTA
701850,N+,2023,5,662,2518,41,CERRADA
701851,D,2023,5,22,2519,64,CERRADA
701852,P,2025,4,526,2520,19,CERRADA
701853,N,2022,7,5010,2521,26,CERRADA
701854,N,2031,2,666,2522,25,ABIERTA
701855,N,2026,2,421,2523,25,CERRADA
701856,_1,2026,8,252,2524,28,ABIERTA
701857,N,2022,3,213,2525,26,CERRADA
701858,A,2031,7,663,2526,31,ABIERTA
701859,N,2031,7,712,2527,34,ABIERTA
701860,N+,2028,3,642,2528,26,ABIERTA
701861,5,2025,2,302,2529,28,CERRADA
701862,B,2022,8,720,2530,23,CERRADA
701863,N,2023,7,644,2531,24,CERRADA
701864,N,2028,3,73,2532,29,ABIERTA
701865,P,2021,8,202,2533,30,CERRADA
701866,N,2023,8,238,2534,28,CERRADA
701867,N,2021,3,423,2535,27,CERRADA
701868,N,2022,3,9,2536,18,CERRADA
701869,P,2028,4,724,2537,30,ABIERTA
701870,N,2030,3,482,2538,33,ABIERTA
701871,A,2031,1,371,2539,42,ABIERTA
701872,C,2025,4,69,2540,29,CERRADA
701873,N,2025,6,710,2541,20,CERRADA
701874,N,2027,2,368,2542,45,ABIERTA
701875,N,2029,6,644,2543,28,ABIERTA
701876,N,2025,4,7991,2544,18,CERRADA
701877,P,2021,4,282,2545,29,CERRADA
701878,N,2030,7,84,2546,26,ABIERTA
701879,N,2027,2,1074,2547,39,ABIERTA
701880,_E,2024,8,462,2548,16,CERRADA
701881,H1,2023,4,348,2549,26,CERRADA
701882,P,2022,4,506,2550,27,CERRADA
701883,A+,2028,6,362,2551,37,ABIERTA
701884,1,2028,7,302,2552,35,ABIERTA
701885,N,2025,5,669,2553,51,CERRADA
701886,B,2031,7,968,2554,27,ABIERTA
701887,G,2025,1,6,2555,50,CERRADA
701888,_C,2026,3,234,2556,19,ABIERTA
701889,N,2029,1,774,2557,60,ABIERTA
701890,N,2027,3,472,2558,17,ABIERTA
701891,N,2027,6,736,2559,27,ABIERTA
701892,07,2025,4,250,2560,21,CERRADA
701893,N,2026,3,638,2561,34,ABIERTA
701894,N,2023,3,9,2562,17,CERRADA
701895,M,2028,3,658,2563,30,ABIERTA
701896,N,2023,4,5003,2564,29,CERRADA
701897,N,2031,4,409,2565,27,ABIERTA
701898,N,2023,5,1101,2566,63,CERRADA
701899,B,2027,2,632,2567,38,ABIERTA
701900,A,2026,1,674,2568,35,CERRADA
701901,N,2029,7,769,2569,30,ABIERTA
701902,N,2024,4,414,2570,26,CERRADA
701903,N,2023,2,669,2571,24,CERRADA
701904,A,2028,2,729,2572,42,ABIERTA
701905,A,2031,2,729,2573,20,ABIERTA
701906,B,2024,8,775,2574,22,CERRADA
701907,P,2021,3,73,2575,17,CERRADA
701908,N,2022,2,423,2576,30,CERRADA
701909,N,2025,3,1060,2577,15,CERRADA
701910,N,2024,8,418,2578,24,CERRADA
701911,N,2026,1,1025,2579,30,CERRADA
701912,N,2027,7,409,2580,15,ABIERTA
701913,M3,2022,3,348,2581,23,CERRADA
701914,N,2022,7,3606,2582,25,CERRADA
701915,N,2026,4,5012,2583,20,CERRADA
701916,A,2026,8,676,2584,27,CERRADA
701917,N,2025,8,657,2585,19,CERRADA
701918,N+,2023,4,512,2586,23,CERRADA
701919,Z,2023,4,74,2587,23,CERRADA
701920,A,2026,8,797,2588,16,ABIERTA
701921,N,2031,5,638,2589,36,ABIERTA
701922,V,2024,7,7989,2590,27,CERRADA
701923,N,2028,8,394,2591,20,ABIERTA
701924,N,2022,1,1094,2592,48,CERRADA
701925,C,2025,4,770,2593,20,CERRADA
701926,,2025,1,1084,2594,38,CERRADA
701927,N,2030,1,60,2595,56,ABIERTA
701928,A,2031,2,614,2596,22,ABIERTA
701929,N,2026,5,775,2597,35,CERRADA
701930,N,2025,7,620,2598,29,CERRADA
701931,N,2022,5,1056,2599,40,CERRADA
701932,_M,2025,5,366,1820,50,CERRADA
701933,B,2024,6,720,2198,25,CERRADA
701934,N,2026,6,502,1477,37,ABIERTA
701935,N,2024,1,1065,1264,50,CERRADA
701936,_A,2021,7,245,1939,26,CERRADA
701937,A,2025,6,2006,2464,21,CERRADA
701938,N,2023,3,432,1965,26,CERRADA
701939,N,2026,1,5015,2008,59,CERRADA
701940,A,2025,1,3656,2125,58,CERRADA
701941,_N,2026,8,322,1182,22,ABIERTA
701942,B,2024,1,283,1405,47,CERRADA
701943,A,2027,6,643,2344,26,ABIERTA
701944,A,2022,1,796,2536,31,CERRADA
701945,N,2025,5,630,2163,52,CERRADA
701946,L,2027,5,2001,2591,56,ABIERTA
701947,N-,2028,8,530,1358,25,ABIERTA
701948,R,2026,6,3118,1067,25,CERRADA
701949,P,2027,2,642,2086,24,ABIERTA
701950,N,2024,4,282,1112,20,CERRADA
701951,A,2024,1,289,1319,36,CERRADA
701952,B+,2021,6,349,1286,28,CERRADA
701953,R,2028,2,7999,1957,30,ABIERTA
701954,_K,2021,6,200,1290,26,CERRADA
701955,9,2023,6,300,2176,34,CERRADA
701956,A,2028,8,170,1380,21,ABIERTA
701957,N,2022,2,198,2050,33,CERRADA
701958,N,2021,4,7984,1268,20,CERRADA
701959,N,2026,7,560,2300,20,ABIERTA
701960,N,2026,1,249,1045,36,ABIERTA
701961,L,2024,3,17,2514,22,CERRADA
701962,A,2022,1,386,2241,48,CERRADA
701963,P,2023,7,787,1217,26,CERRADA
701964,B,2031,3,283,1901,18,ABIERTA
701965,U,2023,1,7987,1144,65,CERRADA
701966,O,2024,6,8,2425,31,CERRADA
701967,B-,2021,3,796,2588,35,CERRADA
701968,M,2029,6,69,1996,43,ABIERTA
701969,N,2029,3,370,2392,20,ABIERTA
701970,M,2021,6,7983,1526,38,CERRADA
701971,P,2031,1,991,1351,58,ABIERTA
701972,N,2031,1,222,2086,65,ABIERTA
701973,N,2021,4,657,2072,23,CERRADA
701974,N+,2030,5,654,2576,54,ABIERTA
701975,A-,2028,8,14,1344,21,ABIERTA
701976,D,2026,6,101,2171,42,ABIERTA
701977,N,2022,3,5011,2096,17,CERRADA
701978,L-,2024,6,254,1778,38,CERRADA
701979,A,2027,3,428,1609,28,ABIERTA
701980,A,2024,6,380,2078,29,CERRADA
701981,B,2026,4,770,2273,25,CERRADA
701982,N,2025,7,120,1813,27,CERRADA
701983,N,2028,3,3120,1363,25,ABIERTA
701984,F,2024,5,107,1124,55,CERRADA
701985,N,2024,5,476,2292,59,CERRADA
701986,A,2030,7,663,1019,15,ABIERTA
701987,B,2030,6,795,1982,31,ABIERTA
701988,N,2025,8,9,1419,16,CERRADA
701989,N-,2029,7,508,1953,27,ABIERTA
701990,N,2028,4,652,1368,15,ABIERTA
701991,N,2022,4,418,1921,27,CERRADA
701992,D,2028,7,770,1519,29,ABIERTA
701993,S,2028,6,2005,1322,32,ABIERTA
701994,1,2022,3,84,1767,22,CERRADA
701995,N,2023,3,734,1726,30,CERRADA
701996,Q,2021,6,2035,1903,23,CERRADA
701997,_F,2031,2,202,1384,25,ABIERTA
701998,N+,2031,3,530,2093,25,ABIERTA
701999,N,2021,8,394,1417,16,CERRADA
702000,B,2025,4,19,1900,16,CERRADA
702001,A,2026,2,3123,1932,41,CERRADA
702002,P,2021,6,454,2277,25,CERRADA
702003,_P,2031,8,322,2387,28,ABIERTA
702004,A,2021,6,799,1084,33,CERRADA
702005,Q,2021,7,2025,1472,28,CERRADA
702006,N-,2031,4,392,1016,27,ABIERTA
702007,N+,2024,2,642,1862,27,CERRADA
702008,P,2023,1,704,1701,47,CERRADA
702009,_C,2029,8,240,1114,15,ABIERTA
702010,N,2021,5,442,1730,41,CERRADA
702011,A,2022,1,3123,2284,53,CERRADA
702012,P,2026,2,642,1177,35,CERRADA
702013,N,2030,4,380,2544,25,ABIERTA
702014,V,2022,4,7989,2058,22,CERRADA
702015,_F,2028,7,354,1462,35,ABIERTA
702016,N,2030,6,394,2316,38,ABIERTA
702017,_B,2029,1,230,2266,61,ABIERTA
702018,Q,2029,3,7995,2371,32,ABIERTA
702019,N1,2028,4,7902,1263,30,ABIERTA
702020,N,2026,3,5008,2086,16,CERRADA
702021,N,2030,5,3669,2408,64,ABIERTA
702022,A,2021,5,450,2492,30,CERRADA
702023,_A,2024,7,235,2076,35,CERRADA
702024,_D,2028,4,362,1157,17,ABIERTA
702025,N,2030,6,669,1334,36,ABIERTA
702026,N3,2025,1,7902,1515,33,CERRADA
702027,N,2031,7,1056,1269,23,ABIERTA
702028,P,2025,1,710,1497,63,CERRADA
702029,_A,2030,6,249,1704,25,ABIERTA
702030,A,2021,2,778,2498,40,CERRADA
702031,N,2021,6,5014,2480,29,CERRADA
702032,F,2023,6,39,1368,22,CERRADA
702033,N,2028,7,249,2278,15,ABIERTA
702034,N,2027,7,370,1816,26,ABIERTA
702035,Q,2026,7,202,1669,15,ABIERTA
702036,N,2022,1,672,1222,60,CERRADA
702037,M,2025,1,7983,1855,51,CERRADA
702038,P,2029,6,90,1157,39,ABIERTA
702039,A,2022,4,314,1765,26,CERRADA
702040,_A,2022,7,969,2508,26,CERRADA
702041,N,2024,8,414,1921,29,CERRADA
702042,M,2028,8,603,1066,29,ABIERTA
702043,P,2024,4,526,2447,28,CERRADA
702044,N,2022,1,346,1806,39,CERRADA
702045,A,2028,8,1093,1356,19,ABIERTA
702046,C1,2028,8,9000,1277,29,ABIERTA
702047,_B,2027,2,236,1081,37,ABIERTA
702048,A+,2026,3,662,2032,20,CERRADA
702049,A,2028,6,361,1788,42,ABIERTA
702050,A1,2025,5,156,1781,43,CERRADA
702051,L+,2024,3,254,2594,29,CERRADA
702052,N,2022,4,221,2521,24,CERRADA
702053,A,2031,5,639,1413,54,ABIERTA
702054,N+,2021,3,530,2348,33,CERRADA
702055,N,2023,8,239,1272,30,CERRADA
702056,N,2022,6,585,1458,32,CERRADA
702057,Q,2021,3,3664,1359,34,CERRADA
702058,N,2023,6,421,2035,45,CERRADA
702059,A,2030,8,289,2444,23,ABIERTA
702060,N,2022,6,612,2181,27,CERRADA
702061,N,2025,1,224,2091,46,CERRADA
702062,A1,2026,8,152,2264,26,CERRADA
702063,A,2021,2,5,1394,34,CERRADA
702064,C,2027,7,610,1587,24,ABIERTA
702065,P,2021,7,281,2544,20,CERRADA
702066,A,2023,1,3123,1768,44,CERRADA
702067,H,2021,7,2007,1333,29,CERRADA
702068,B,2030,2,3116,1875,28,ABIERTA
702069,N,2030,2,396,1633,35,ABIERTA
702070,P,2026,3,634,2136,31,CERRADA
702071,N,2030,6,262,1633,33,ABIERTA
702072,X,2021,5,74,1428,60,CERRADA
702073,_A,2023,2,356,1488,40,CERRADA
702074,C,2028,1,799,2597,51,ABIERTA
702075,N,2022,5,1074,1134,36,CERRADA
702076,N,2025,6,3118,2520,25,CERRADA
702077,A,2022,4,722,1324,21,CERRADA
702078,N,2030,8,472,1709,19,ABIERTA
702079,_B,2030,6,212,1739,29,ABIERTA
702080,A,2021,4,2004,1782,19,CERRADA
702081,B,2021,6,779,1612,44,CERRADA
702082,N,2023,2,239,1450,34,CERRADA
702083,E,2026,7,17,1937,19,CERRADA
702084,N,2031,8,430,1634,19,ABIERTA
702085,P,2023,3,201,1631,20,CERRADA
702086,N,2023,2,1077,1740,31,CERRADA
702087,N,2028,2,386,2044,20,ABIERTA
702088,A,2030,7,779,2143,27,ABIERTA
702089,N,2023,7,3120,2375,35,CERRADA
702090,R,2028,1,7904,2497,30,ABIERTA
702091,N,2021,5,1077,1735,45,CERRADA
702092,_A,2028,4,245,1330,30,ABIERTA
702093,N,2025,8,454,2182,26,CERRADA
702094,A,2031,2,795,1636,27,ABIERTA
702095,A+,2030,4,14,1638,25,ABIERTA
702096,N,2027,3,398,1140,22,ABIERTA
702097,N,2027,5,27,2070,56,ABIERTA
702098,EI,2026,6,6,1369,41,CERRADA
702099,1,2024,1,84,1807,35,CERRADA
702100,M,2027,6,2001,2090,32,ABIERTA
702101,H,2028,4,2007,2299,25,ABIERTA
702102,P,2023,6,281,1962,31,CERRADA
702103,_A,2023,3,84,1363,32,CERRADA
702104,P,2024,6,550,2210,43,CERRADA
702105,N,2028,2,320,1571,44,ABIERTA
702106,N,2031,6,224,2528,31,ABIERTA
702107,L,2025,2,5,2103,25,CERRADA
702108,N,2022,8,423,1999,22,CERRADA
702109,N,2024,3,5015,1815,27,CERRADA
702110,D,2028,8,771,1917,18,ABIERTA
702111,N,2024,8,416,2029,26,CERRADA
702112,N,2031,1,416,1044,61,ABIERTA
702113,N,2021,7,60,2189,18,CERRADA
702114,A,2026,7,2005,1263,23,CERRADA
702115,_E,2021,7,204,1360,32,CERRADA
702116,N+,2023,3,676,2379,22,CERRADA
702117,P,2021,6,980,1653,34,CERRADA
702118,_A,2029,7,249,2128,22,ABIERTA
702119,N1,2023,6,7902,2185,34,CERRADA
702120,N,2021,8,241,1034,24,CERRADA
702121,P,2028,2,3710,1888,24,ABIERTA
702122,R,2023,8,7999,1688,28,CERRADA
702123,N2,2029,7,7902,1026,27,ABIERTA
702124,N,2025,2,335,2069,32,CERRADA
702125,A,2025,5,797,1649,56,CERRADA
702126,N+,2030,3,662,2474,20,ABIERTA
702127,N,2027,2,201,1375,21,ABIERTA
702128,P,2025,7,281,1149,33,CERRADA
702129,N,2024,4,368,1050,17,CERRADA
702130,P,2022,2,656,2200,21,CERRADA
702131,N,2022,1,5014,1283,54,CERRADA
702132,N-,2028,4,392,2141,22,ABIERTA
702133,N,2021,3,560,1943,25,CERRADA
702134,D,2021,8,17,1566,25,CERRADA
702135,N-,2024,3,22,2559,15,CERRADA
702136,N,2029,8,409,2407,19,ABIERTA
702137,_A,2026,4,248,1179,22,CERRADA
702138,S-,2028,1,7985,1801,48,ABIERTA
702139,O-,2024,5,601,1514,65,CERRADA
702140,_N,2026,1,224,1428,34,CERRADA
702141,A,2023,7,778,1706,16,CERRADA
702142,A,2027,4,285,1262,15,ABIERTA
702143,_N,2028,5,220,1579,37,ABIERTA
702144,_N,2022,2,220,1733,26,CERRADA
702145,N,2031,5,612,1075,65,ABIERTA
702146,N,2031,6,1060,2158,39,ABIERTA
702147,O-,2029,2,601,1653,42,ABIERTA
702148,A,2023,4,614,1997,29,CERRADA
702149,N,2022,8,204,2514,25,CERRADA
702150,N,2028,3,354,1645,34,ABIERTA
702151,B2,2025,6,349,1523,26,CERRADA
702152,N,2022,4,3657,1491,22,CERRADA
702153,P,2023,2,3658,2195,42,CERRADA
702154,N,2023,1,196,2439,30,CERRADA
702155,N,2028,6,5014,1666,38,ABIERTA
702156,N,2031,8,73,1123,29,ABIERTA
702157,N,2030,3,409,2491,30,ABIERTA
702158,A,2030,5,361,1806,37,ABIERTA
702159,B-,2028,6,349,1179,24,ABIERTA
702160,N,2021,3,3123,1629,32,CERRADA
702161,P,2022,5,460,1123,53,CERRADA
702162,N,2024,1,436,1121,53,CERRADA
702163,O,2021,6,655,2517,33,CERRADA
702164,B,2029,1,781,1291,62,ABIERTA
702165,N,2026,4,3606,1567,30,ABIERTA
702166,O,2022,8,8,1182,27,CERRADA
702167,B,2030,7,771,2373,15,ABIERTA
702168,L+,2023,5,254,1645,48,CERRADA
702169,N,2031,2,346,1105,22,ABIERTA
702170,B,2024,6,116,2513,44,CERRADA
702171,N,2028,2,370,1947,20,ABIERTA
702172,A,2026,8,637,2192,26,CERRADA
702173,N,2027,5,1056,2201,61,ABIERTA
702174,P,2021,8,172,1320,27,CERRADA
702175,N,2031,8,644,1818,27,ABIERTA
702176,_B,2024,7,242,2143,18,CERRADA
702177,T,2024,3,7982,2507,30,CERRADA
702178,P,2025,8,710,2532,18,CERRADA
702179,G,2028,3,69,2015,33,ABIERTA
702180,A,2026,4,450,2541,28,ABIERTA
702181,R,2027,7,1,2085,33,ABIERTA
702182,N,2022,4,5010,1745,15,CERRADA
702183,B,2025,3,428,1953,24,CERRADA
702184,A+,2022,8,3664,1401,20,CERRADA
702185,A,2024,8,663,1268,28,CERRADA
702186,N,2022,2,73,1482,25,CERRADA
702187,_C,2029,4,245,1009,27,ABIERTA
702188,N,2023,5,657,2166,61,CERRADA
702189,V,2031,1,7989,1859,41,ABIERTA
702190,B,2022,4,283,1473,18,CERRADA
702191,U,2022,1,39,2512,35,CERRADA
702192,N,2021,6,201,1296,33,CERRADA
702193,N,2022,1,370,1318,57,CERRADA
702194,N,2028,5,1071,1348,48,ABIERTA
702195,A,2025,7,708,1976,26,CERRADA
702196,A,2022,2,797,1501,28,CERRADA
702197,A,2029,5,412,1777,38,ABIERTA
702198,M,2021,8,288,1083,28,CERRADA
702199,C,2026,6,610,2267,35,ABIERTA
702200,N,2022,4,787,2420,30,CERRADA
